ID,Group
FR848958,Leithiinae
MT939789,Graphiurinae
FR848957,Leithiinae
FR848955,Leithiinae
FM164279,Leithiinae
HE614012,Leithiinae
FM164280,Leithiinae
FR848956,Leithiinae
HE614010,Leithiinae
HE614009,Leithiinae
HE614011,Leithiinae
HE613986,Leithiinae
HE613987,Leithiinae
MZ130252,Leithiinae
MZ130253,Leithiinae
MZ130254,Leithiinae
MZ130255,Leithiinae
JX457814,Leithiinae
JX457815,Leithiinae
HE613992,Leithiinae
JX457812,Leithiinae
JX457813,Leithiinae
JX457816,Leithiinae
HE613985,Leithiinae
HE613988,Leithiinae
HE613989,Leithiinae
HE613990,Leithiinae
MN935777,Leithiinae
NC059783,Leithiinae
HE614003,Leithiinae
HE614007,Leithiinae
HE614004,Leithiinae
HE614006,Leithiinae
HE614005,Leithiinae
HE614002,Leithiinae
HE614008,Leithiinae
HE611092,Leithiinae
HE611093,Leithiinae
HE611090,Leithiinae
HE611091,Leithiinae
HE613978,Leithiinae
HE613983,Leithiinae
HE613980,Leithiinae
HE613981,Leithiinae
HE613982,Leithiinae
HE613979,Leithiinae
HE613977,Leithiinae
HE613976,Leithiinae
HE613984,Leithiinae
FM164278,Leithiinae
HE614000,Leithiinae
HE614001,Leithiinae
HE613999,Leithiinae
HE613995,Leithiinae
HE613998,Leithiinae
HE613996,Leithiinae
HE613997,Leithiinae
HE613994,Leithiinae
MT559833,Leithiinae
MT559834,Leithiinae
MT559835,Leithiinae
MT559836,Leithiinae
MT559840,Leithiinae
MT559838,Leithiinae
MT559839,Leithiinae
MT559842,Leithiinae
MT559843,Leithiinae
MT559837,Leithiinae
MT559841,Leithiinae
KF699239,Leithiinae
KF699240,Leithiinae
KF699241,Leithiinae
KJ739693,Leithiinae
KJ739694,Leithiinae
KJ739695,Leithiinae
KJ739696,Leithiinae
KJ739697,Leithiinae
KJ739698,Leithiinae
KX893562,Leithiinae
KF699238,Leithiinae
KF699244,Leithiinae
KF699237,Leithiinae
KF699236,Leithiinae
KF699220,Leithiinae
KF699221,Leithiinae
KF699222,Leithiinae
KF699223,Leithiinae
KF699224,Leithiinae
KF699225,Leithiinae
KF699226,Leithiinae
KF699227,Leithiinae
KF699228,Leithiinae
KF699229,Leithiinae
KF699230,Leithiinae
KF699231,Leithiinae
KF699232,Leithiinae
KF699233,Leithiinae
KF699234,Leithiinae
KF699235,Leithiinae
LT614892,Leithiinae
MH671563,Leithiinae
MH671564,Leithiinae
MH671565,Leithiinae
MH671566,Leithiinae
MH671567,Leithiinae
MH671568,Leithiinae
MH671569,Leithiinae
MH671555,Leithiinae
MH671556,Leithiinae
MH671557,Leithiinae
MH671558,Leithiinae
MH671559,Leithiinae
MH671560,Leithiinae
MH671561,Leithiinae
MH671562,Leithiinae
PQ533845,Leithiinae
PQ533846,Leithiinae
KX893566,Leithiinae
KX893568,Leithiinae
KX893567,Leithiinae
MT559827,Leithiinae
MT559828,Leithiinae
MT559829,Leithiinae
MT559830,Leithiinae
MT559831,Leithiinae
MT559832,Leithiinae
KJ739704,Leithiinae
KJ739705,Leithiinae
KX893565,Leithiinae
KJ739703,Leithiinae
KX893564,Leithiinae
KX893563,Leithiinae
MT559858,Leithiinae
MT559859,Leithiinae
MT559860,Leithiinae
MT559861,Leithiinae
MT559862,Leithiinae
MT559863,Leithiinae
MT559864,Leithiinae
MT559865,Leithiinae
MT559866,Leithiinae
MT559868,Leithiinae
MT559869,Leithiinae
MT559870,Leithiinae
MT559867,Leithiinae
MT559871,Leithiinae
MT559849,Leithiinae
MT559853,Leithiinae
MT559855,Leithiinae
MT559857,Leithiinae
MT559845,Leithiinae
MT559846,Leithiinae
MT559847,Leithiinae
MT559848,Leithiinae
MT559850,Leithiinae
MT559851,Leithiinae
MT559852,Leithiinae
MT559856,Leithiinae
MT559844,Leithiinae
MT559854,Leithiinae
LT614893,Leithiinae
KJ739702,Leithiinae
KJ739700,Leithiinae
KJ739699,Leithiinae
KJ739701,Leithiinae
KF699218,Leithiinae
KF699219,Leithiinae
PQ533841,Leithiinae
PQ533842,Leithiinae
PQ533840,Leithiinae
PQ533839,Leithiinae
PQ533838,Leithiinae
PQ533837,Leithiinae
PQ533843,Leithiinae
PQ533844,Leithiinae
MW470699,Graphiurinae
MW470701,Graphiurinae
MW470700,Graphiurinae
MW470697,Graphiurinae
MW470698,Graphiurinae
MW470689,Graphiurinae
MW470694,Graphiurinae
MW470692,Graphiurinae
MW470691,Graphiurinae
MW470690,Graphiurinae
MW470693,Graphiurinae
MW470685,Graphiurinae
MW470686,Graphiurinae
MW470687,Graphiurinae
MW470688,Graphiurinae
MW470684,Graphiurinae
MW470683,Graphiurinae
MW470695,Graphiurinae
HE978360,Graphiurinae
MN616984,Graphiurinae
MW470704,Graphiurinae
MW470703,Graphiurinae
MW470702,Graphiurinae
OL408926,Graphiurinae
OL408925,Graphiurinae
MW470744,Graphiurinae
MW470743,Graphiurinae
AB672513,Graphiurinae
MW470711,Graphiurinae
MW470709,Graphiurinae
MW470708,Graphiurinae
MW470729,Graphiurinae
MW470728,Graphiurinae
MW470727,Graphiurinae
MW470733,Graphiurinae
MW470741,Graphiurinae
MW470732,Graphiurinae
MW470735,Graphiurinae
MW470736,Graphiurinae
MW470730,Graphiurinae
MW470734,Graphiurinae
MN066291,Graphiurinae
MW470731,Graphiurinae
MW470725,Graphiurinae
MW470719,Graphiurinae
MW470718,Graphiurinae
MW470720,Graphiurinae
MW470712,Graphiurinae
MW470742,Graphiurinae
OQ569643,Graphiurinae
MW470717,Graphiurinae
MW470715,Graphiurinae
MW470722,Graphiurinae
MW470721,Graphiurinae
MW470713,Graphiurinae
MW470716,Graphiurinae
MW470723,Graphiurinae
OL408927,Graphiurinae
MW470707,Graphiurinae
MW470710,Graphiurinae
MW470706,Graphiurinae
MW470739,Graphiurinae
MW470740,Graphiurinae
MW470737,Graphiurinae
MW470724,Graphiurinae
MW470714,Graphiurinae
MW470726,Graphiurinae
MW470738,Graphiurinae
MN066290,Graphiurinae
MW470705,Graphiurinae
MW470696,Graphiurinae
MW470745,Graphiurinae
AB630239,Glirinae
LT614880,Leithiinae
AB630275,Glirinae
AB218854,Glirinae
AB218861,Glirinae
AB218865,Glirinae
AB218868,Glirinae
AB218855,Glirinae
AB218856,Glirinae
AB218857,Glirinae
AB218858,Glirinae
AB218859,Glirinae
AB218860,Glirinae
AB218862,Glirinae
AB218863,Glirinae
AB218864,Glirinae
AB630289,Glirinae
AB630290,Glirinae
AB630291,Glirinae
AB630292,Glirinae
AB630280,Glirinae
LC517455,Glirinae
LC517456,Glirinae
LC517457,Glirinae
AB218848,Glirinae
AB218850,Glirinae
AB630286,Glirinae
AB630281,Glirinae
AB630282,Glirinae
AB218851,Glirinae
AB218867,Glirinae
AB218852,Glirinae
D89003,Glirinae
AB218853,Glirinae
AB630287,Glirinae
AB218835,Glirinae
AB630240,Glirinae
AB218866,Glirinae
AB630237,Glirinae
AB630238,Glirinae
AB218834,Glirinae
AB630288,Glirinae
LC762423,Glirinae
AB630283,Glirinae
AB630285,Glirinae
AB218849,Glirinae
AB630284,Glirinae
AB630263,Glirinae
AB630278,Glirinae
AB630264,Glirinae
AB630265,Glirinae
AB630266,Glirinae
AB630267,Glirinae
AB630268,Glirinae
AB630270,Glirinae
AB630241,Glirinae
AB630242,Glirinae
AB630243,Glirinae
AB630258,Glirinae
AB630259,Glirinae
AB630260,Glirinae
AB630261,Glirinae
AB630262,Glirinae
AB218837,Glirinae
PP971633,Glirinae
AB218836,Glirinae
AB218838,Glirinae
AB218839,Glirinae
AB218840,Glirinae
AB218841,Glirinae
AB218842,Glirinae
AB218844,Glirinae
AB218845,Glirinae
AB218847,Glirinae
AB630244,Glirinae
AB630245,Glirinae
AB630246,Glirinae
AB630249,Glirinae
AB630250,Glirinae
AB630251,Glirinae
AB630252,Glirinae
AB630253,Glirinae
AB630254,Glirinae
AB630255,Glirinae
AB630256,Glirinae
AB630257,Glirinae
AB630269,Glirinae
AB630271,Glirinae
AB630272,Glirinae
AB630273,Glirinae
AB630274,Glirinae
AB630276,Glirinae
AB630277,Glirinae
AB630248,Glirinae
LC762420,Glirinae
LC762421,Glirinae
LC762422,Glirinae
AB218846,Glirinae
AB630247,Glirinae
AB218843,Glirinae
AB630279,Glirinae
PP971635,Leithiinae
MN935778,Leithiinae
FN796771,Leithiinae
FN796772,Leithiinae
FN796773,Leithiinae
HE799314,Leithiinae
KJ631620,Leithiinae
LT614874,Leithiinae
LT614888,Leithiinae
LT614890,Leithiinae
LT614889,Leithiinae
FN796774,Leithiinae
FN796775,Leithiinae
FN796776,Leithiinae
FN796777,Leithiinae
FN796779,Leithiinae
FN796778,Leithiinae
FN796781,Leithiinae
FN796782,Leithiinae
FN796783,Leithiinae
FN796784,Leithiinae
FN796780,Leithiinae
LT614877,Leithiinae
LT614883,Leithiinae
LT614887,Leithiinae
FN796769,Leithiinae
LT614881,Leithiinae
LT614882,Leithiinae
LT614885,Leithiinae
LT614886,Leithiinae
MT410887,Leithiinae
NC050264,Leithiinae
FN796758,Leithiinae
FN796759,Leithiinae
FN796760,Leithiinae
FN796761,Leithiinae
FN796762,Leithiinae
FN796763,Leithiinae
FN796764,Leithiinae
FN796765,Leithiinae
FN796766,Leithiinae
FN796767,Leithiinae
FN796768,Leithiinae
FN796770,Leithiinae
HE799313,Leithiinae
KP257560,Leithiinae
KP257561,Leithiinae
KP257562,Leithiinae
KP257563,Leithiinae
LT614875,Leithiinae
LT614876,Leithiinae
LT614878,Leithiinae
LT614879,Leithiinae
LT614884,Leithiinae
FN796755,Leithiinae
FN796757,Leithiinae
FN796756,Leithiinae
FN796754,Leithiinae
LT614891,Leithiinae
FN796753,Leithiinae
FM160657,Glirinae
MZ420649,Graphiurinae
KF931103,Glirinae
KF931104,Glirinae
KF931105,Glirinae
KF931106,Glirinae
KF931107,Glirinae
KF931108,Glirinae
KF931109,Glirinae
KF931110,Glirinae
KF931112,Glirinae
KF931111,Glirinae
FM160662,Glirinae
KJ850430,Glirinae
KJ850431,Glirinae
FM160664,Glirinae
AJ001562,Glirinae
NC001892,Glirinae
PQ533847,Glirinae
PQ533848,Glirinae
KF699243,Glirinae
KF699242,Leithiinae
KT922160,Glirinae
KT922161,Glirinae
MK335777,Glirinae
FM160651,Glirinae
FM160653,Glirinae
FM160655,Glirinae
KJ850421,Glirinae
KJ850422,Glirinae
KJ850423,Glirinae
KJ850424,Glirinae
KJ850425,Glirinae
KJ850426,Glirinae
KJ850427,Glirinae
KJ850428,Glirinae
KJ850429,Glirinae
FM160652,Glirinae
FM160654,Glirinae
KM061382,Glirinae
KM061383,Glirinae
FM160656,Glirinae
JF318976,Glirinae
MN460849,Glirinae
FM160665,Glirinae
FM160660,Glirinae
FM160733,Glirinae
FM160734,Glirinae
FM160659,Glirinae
FM160658,Glirinae
HE613993,Leithiinae
HE613991,Leithiinae
KF422705,Leithiinae
OL908019,Leithiinae
OL908020,Leithiinae
OL908021,Leithiinae
OL908022,Leithiinae
OL908023,Leithiinae
OL908013,Leithiinae
OL908014,Leithiinae
OL908015,Leithiinae
OL908016,Leithiinae
OL908017,Leithiinae
OL908018,Leithiinae
OL907996,Leithiinae
OL907997,Leithiinae
OL907998,Leithiinae
OL907999,Leithiinae
PQ533836,Leithiinae
OL908001,Leithiinae
OL908002,Leithiinae
OL908003,Leithiinae
OL908004,Leithiinae
OL908005,Leithiinae
OL908006,Leithiinae
OL908000,Leithiinae
OL908007,Leithiinae
OL908008,Leithiinae
OL908009,Leithiinae
OL908010,Leithiinae
OL908011,Leithiinae
OL908012,Leithiinae
OL907995,Leithiinae
PP971634,Leithiinae
NC050023,Sciurinae
NC050013,Sciurinae
NC065807,Sciurinae
NC026443,Sciurinae
AF011738,Sciurinae
NC023089,Sciurinae
PQ533850,Xerinae
PQ533849,Xerinae
PQ533851,Xerinae
NC031210,Xerinae
NC086592,Xerinae
NC032372,Xerinae
NC080357,Callosciurinae
NC029325,Callosciurinae
NC049032,Callosciurinae
NC048991,Callosciurinae
NC025550,Callosciurinae
NC030070,Callosciurinae
NC030071,Callosciurinae
NC030072,Callosciurinae
NC023780,Ratufinae
