ID,field number,collection number,basis of record,family,genus,species,sex,head-body,tail,hind-foot,ear,m1,m2,m3,m4,m5,m6,m7,m8,m9,m10,m11,m12,m13,m14,m15,m16,m17,m18,m19,m20,m21,m22,m23,m24,m25,url
S0001,,RMCA 7144-M-,preserved,Gliridae,Graphiurus,lorraineus,f,149,72,,,,,,,,,,,,,,,,,,,,,,,,,,,,http://projects.biodiversity.be/africanmammalia/specimen/show/26183
S0002,446,RMCA 1665-M- b,preserved,Gliridae,Graphiurus,christyi,f,90,65,16,12,,,,,,,,,,,,,,,,,,,,,,,,,,http://projects.biodiversity.be/africanmammalia/specimen/show/24789
S0003,2204,RMCA 96.038-M-3483,preserved,Gliridae,Graphiurus,murinus,m,98,,19,14,,,,,,,,,,,,,,,,,,,,,,,,,,http://projects.biodiversity.be/africanmammalia/specimen/show/47359
S0004,a 611,,observation,Gliridae,Graphiurus,lorraineus,f,94,80,17,12,24.75,22.15,18.05,7.1,2.65,5.5,6.45,4.2,12.7,2.95,2.85,4.85,0.8,7.65,2.8,8.9,2.95,1.25,6.8,11.4,1.15,,5.55,5.45,6.45,http://projects.biodiversity.be/africanmammalia/specimen/show/86335
S0005,715,RMCA 5256-M-,preserved,Gliridae,Graphiurus,kelleni,m,82,84,14.5,13,,,,,,,,,,,,,,,,,,,,,,,,,,http://projects.biodiversity.be/africanmammalia/specimen/show/59136
S0006,9095,RMCA 29289-M-,preserved,Gliridae,Graphiurus,platyops,m,100,87,,18,,,,,,,,,,,,,,,,,,,,,,,,,,http://projects.biodiversity.be/africanmammalia/specimen/show/59354
S0007,3,RMCA 91.090-M-0046,preserved,Gliridae,Eliomys,quercinus,m,124,115,20,16,,,,,,,,,,,,,,,,,,,,,,,,,,http://projects.biodiversity.be/africanmammalia/specimen/show/63515
S0008,a 8341,,observation,Gliridae,Graphiurus,nagtglasii,f,122,110,28,18,35.1,31.25,26.25,12.35,2.65,7.6,9.15,5.45,18.45,4.45,5.2,7.4,1.3,10.3,3.2,12.2,4.75,3.05,7.6,15.7,1.5,,6.95,6.5,8.9,http://projects.biodiversity.be/africanmammalia/specimen/show/86320
S0009,a 296,,observation,Gliridae,Graphiurus,nagtglasii,f,146,106,29,21,,,,11.5,3.45,8.05,9.65,,,5.05,4.9,7.65,1.2,11.3,2.55,,4.7,,,,1.75,,6.75,6.9,9.9,http://projects.biodiversity.be/africanmammalia/specimen/show/86306
S0010,3704,RMCA 96.038-M-3489,preserved,Gliridae,Graphiurus,murinus,f,93,58,19,16,,,,,,,,,,,,,,,,,,,,,,,,,,http://projects.biodiversity.be/africanmammalia/specimen/show/47365
S0011,1560,,observation,Gliridae,Graphiurus,nagtglasii,f,141,118,30,18,35.7,32.35,27.25,12,3.25,8.1,10,5.85,19.85,4.35,5,7.45,1.4,10.75,2.8,13.7,5.1,2.65,7.75,15.55,1.6,,7.1,7.15,10.5,http://projects.biodiversity.be/africanmammalia/specimen/show/86292
S0012,a 6104,,observation,Gliridae,Graphiurus,nagtglasii,m,136,101,27,18,,31.8,26.65,12.25,3.2,8.35,10.15,5.75,19.2,4.95,4.6,7.55,1.25,11.5,3,,4.9,2.9,7.4,16,1.6,,7.4,7.65,9.55,http://projects.biodiversity.be/africanmammalia/specimen/show/86318
S0013,1517,RMCA 95.051-M-3099,preserved,Gliridae,Graphiurus,christyi,m,97,64,16,12,26.25,22.55,18.6,7.9,2.45,5.55,6.8,4.6,14.2,3.7,3.05,5.6,0.8,8,3.2,9.3,2.9,1.9,6.55,12.3,1.15,,5.7,5.5,5.9,http://projects.biodiversity.be/africanmammalia/specimen/show/7114
S0014,1938,,observation,Gliridae,Graphiurus,lorraineus,m,92,49,17,12,25.95,23.3,19.25,7.85,2.7,5.65,6.85,4.05,14.5,3.35,3.15,5.25,0.8,7.65,2.9,10.05,3.1,1.7,7.55,11.15,1.3,,5.95,5.7,6.95,http://projects.biodiversity.be/africanmammalia/specimen/show/86348
S0015,,RMCA 7124-M-,preserved,Gliridae,Graphiurus,christyi,f,133,57,,,,,,,,,,,,,,,,,,,,,,,,,,,,http://projects.biodiversity.be/africanmammalia/specimen/show/26171
S0016,a 8793,RMCA 93.012-M-0479,preserved,Gliridae,Graphiurus,murinus,f,72,60,18,11,,,,,,,,,,,,,,,,,,,,,,,,,,http://projects.biodiversity.be/africanmammalia/specimen/show/38108
S0017,1756,,observation,Gliridae,Graphiurus,nagtglasii,f,140,69,28,19,35.8,32.05,26.9,11.8,3.2,8,9.55,5.5,19.7,4.55,4.9,7.3,1.25,10.45,2.8,12.7,4.55,2.7,7.5,15.45,1.6,,6.95,6.55,9.6,http://projects.biodiversity.be/africanmammalia/specimen/show/86294
S0018,84,RMCA 12629-M-,preserved,Gliridae,Graphiurus,ocularis,f,165,115,25,12,,,,,,,,,,,,,,,,,,,,,,,,,,http://projects.biodiversity.be/africanmammalia/specimen/show/27561
S0019,3973,RMCA 96.038-M-3493,preserved,Gliridae,Graphiurus,microtis,m,55,54,17,8,,,,,,,,,,,,,,,,,,,,,,,,,,http://projects.biodiversity.be/africanmammalia/specimen/show/47369
S0020,1947,RMCA 96.038-M-3479,preserved,Gliridae,Graphiurus,microtis,,64,54,17,10,,,,,,,,,,,,,,,,,,,,,,,,,,http://projects.biodiversity.be/africanmammalia/specimen/show/47355
S0021,6184,,observation,Gliridae,Graphiurus,lorraineus,f,83,62,17,11,23.7,20.7,16.9,6.7,2.3,5,5.85,3.95,13.25,3.3,3.1,,0.8,7.2,2.55,9.1,2.7,1.6,6.3,10.75,1.15,,4.9,5.05,5.95,http://projects.biodiversity.be/africanmammalia/specimen/show/86328
S0022,233,RMCA 13544-M-,preserved,Gliridae,Graphiurus,christyi,f,110,70,18,15,,,,,,,,,,,,,,,,,,,,,,,,,,http://projects.biodiversity.be/africanmammalia/specimen/show/28024
S0023,215,RMCA 1666-M- a,preserved,Gliridae,Graphiurus,christyi,f,95,50,19,18,,,,,,,,,,,,,,,,,,,,,,,,,,http://projects.biodiversity.be/africanmammalia/specimen/show/24791
S0024,2104,,observation,Gliridae,Graphiurus,murinus,f,83,86,16,14,25.55,22.4,18.75,7.9,2.6,5.7,6.6,4.6,13.95,3.8,3,5.4,0.65,7.75,3.15,9.4,2.7,1.75,6.95,12.1,1.15,,5.2,5.35,5.5,http://projects.biodiversity.be/africanmammalia/specimen/show/84061
S0025,140,RMCA 12651-M-,preserved,Gliridae,Graphiurus,ocularis,f,155,100,20,10,,,,,,,,,,,,,,,,,,,,,,,,,,http://projects.biodiversity.be/africanmammalia/specimen/show/27581
S0026,a 616,,observation,Gliridae,Graphiurus,lorraineus,m,87,73,,12,,21.15,17.15,7.1,2.2,5.25,6.05,4.5,12.05,3,2.8,4.75,0.7,7.4,2.95,,2.85,1.2,6.75,10.95,1.25,,4.95,5.1,,http://projects.biodiversity.be/africanmammalia/specimen/show/86337
S0027,1895,,observation,Gliridae,Graphiurus,lorraineus,m,98,70,18,13,26.25,23.65,19.3,8,2.9,5.75,7.25,3.9,14.3,3.25,3,5.05,0.7,7.1,2.75,10.15,2.9,1.7,7.75,11.35,1.35,,5.55,5.25,6.75,http://projects.biodiversity.be/africanmammalia/specimen/show/86347
S0028,21113,,observation,Gliridae,Graphiurus,lorraineus,f,94,77,17,17,,22.2,18.5,7.2,2.8,5.05,6,3.8,,3.05,2.75,,0.7,7.4,2.55,,2.95,1.4,7.3,,1.15,,5,5.3,6.5,http://projects.biodiversity.be/africanmammalia/specimen/show/86357
S0029,11742,,observation,Gliridae,Graphiurus,lorraineus,f,81,72,17,11,23.1,20.7,17.1,6.95,2.3,4.9,5.65,3.7,13.05,2.9,2.95,4.6,0.7,6.85,2.2,8.75,2.7,1.5,6.95,10.8,1.15,,4.9,4.9,6.3,http://projects.biodiversity.be/africanmammalia/specimen/show/86355
S0030,11384,,observation,Gliridae,Graphiurus,lorraineus,f,84,67,17,12,,,,,,,,,,,,,,,,,,,,,,,,,,http://projects.biodiversity.be/africanmammalia/specimen/show/86352
S0031,2536,,observation,Gliridae,Graphiurus,lorraineus,m,73,,17,10,21.95,19.3,15.55,6.7,2.1,4.5,5.4,3.95,12.15,3.15,2.9,,0.6,7,2.4,7.5,2.65,1.65,6.15,10.9,1.05,,4.75,4.85,5.9,http://projects.biodiversity.be/africanmammalia/specimen/show/86324
S0032,,RMCA 7125-M-,preserved,Gliridae,Graphiurus,christyi,f,166,86,,,,,,,,,,,,,,,,,,,,,,,,,,,,http://projects.biodiversity.be/africanmammalia/specimen/show/26172
S0033,6185,,observation,Gliridae,Graphiurus,lorraineus,m,75,61,17,10,21.55,18.95,15.85,6.95,1.8,4.55,5.4,4.2,11.35,2.5,2.9,4.2,0.75,6.5,2.45,7.75,2.5,1.35,6,11.35,0.9,,5.15,4.5,5,http://projects.biodiversity.be/africanmammalia/specimen/show/86329
S0034,1688,,observation,Gliridae,Graphiurus,murinus,m,95,50,15,12,24.8,21.75,17.85,7.25,2.4,5,6.25,4.35,14.05,3.3,3,6.25,0.65,7.55,3,9.1,2.5,1.45,7,12.15,1,,5.35,5.05,6.15,http://projects.biodiversity.be/africanmammalia/specimen/show/83343
S0035,1755,,observation,Gliridae,Graphiurus,nagtglasii,f,145,75,29,21,36.3,32.55,27.1,12.35,3.25,7.9,9.85,5.75,20.5,4.55,5,,1.3,10.9,3.05,14,4.9,2.8,7.6,15.2,1.5,,7.2,6.8,10.05,http://projects.biodiversity.be/africanmammalia/specimen/show/86293
S0036,3972,RMCA 96.038-M-3492,preserved,Gliridae,Graphiurus,microtis,m,56,,16,9,,,,,,,,,,,,,,,,,,,,,,,,,,http://projects.biodiversity.be/africanmammalia/specimen/show/47368
S0037,445,RMCA 1664-M- a,preserved,Gliridae,Graphiurus,christyi,m,95,70,17,,,,,,,,,,,,,,,,,,,,,,,,,,,http://projects.biodiversity.be/africanmammalia/specimen/show/24785
S0038,2,RMCA 91.090-M-0045,preserved,Gliridae,Eliomys,quercinus,f,140,75,22,,,,,,,,,,,,,,,,,,,,,,,,,,,http://projects.biodiversity.be/africanmammalia/specimen/show/63514
S0039,11165,,observation,Gliridae,Graphiurus,lorraineus,m,85,,17,17,21.2,19.1,15.35,6.45,2.2,4.5,5.6,3.5,12.1,2.4,3.2,4.4,0.7,6.7,2.4,7.9,2.7,1.65,6.5,10.15,0.95,,4.85,4.8,5.5,http://projects.biodiversity.be/africanmammalia/specimen/show/86350
S0040,186,RMCA 5220-M-,preserved,Gliridae,Graphiurus,murinus,m,92,88,17,15,,,,,,,,,,,,,,,,,,,,,,,,,,http://projects.biodiversity.be/africanmammalia/specimen/show/59100
S0041,1701,,observation,Gliridae,Graphiurus,lorraineus,f,92,51,18,11,25.1,22.45,18.9,7.6,2.65,5.15,6.45,4.15,14.1,3.25,3,,,7.7,2.6,9.5,2.85,1.65,7.25,10.9,1.15,,5.55,5.25,6.55,http://projects.biodiversity.be/africanmammalia/specimen/show/86344
S0042,21736,,observation,Gliridae,Graphiurus,nagtglasii,,,,,,35.65,32.65,27.05,12.05,3.05,8.45,10,5.4,19.4,4.3,5.05,7.45,1.5,10.95,2.95,13.45,4.7,2.7,8.05,15.5,1.55,,7.45,7.15,10.15,http://projects.biodiversity.be/africanmammalia/specimen/show/86305
S0043,9358,,observation,Gliridae,Graphiurus,nagtglasii,m,130,103,30,20,,30.85,25.15,11.25,3.15,7.65,8.85,5.3,17.8,4.1,5.2,,1.5,10.55,2.9,,4.85,2.8,7.75,15.25,1.5,,7,6.85,8.45,http://projects.biodiversity.be/africanmammalia/specimen/show/86304
S0044,1183,,observation,Gliridae,Graphiurus,lorraineus,f,95,53,,12,,,,,,,,,,,,,,,,,,,,,,,,,,http://projects.biodiversity.be/africanmammalia/specimen/show/86339
S0045,a 614,,observation,Gliridae,Graphiurus,lorraineus,f,85,66,16,11,,20.75,17,7,2.45,5.25,6.05,4.3,11.8,2.65,2.75,4.3,0.75,7.3,2.9,,2.65,1.35,6.45,10.75,1.2,,5.35,5.1,6.15,http://projects.biodiversity.be/africanmammalia/specimen/show/86336
S0046,a 2904,,observation,Gliridae,Graphiurus,nagtglasii,f,119,114,,,,,,,,,,5.65,,,4.6,,1,,,,4.9,,,,1.3,,,,7.05,http://projects.biodiversity.be/africanmammalia/specimen/show/86317
S0047,a 701,,observation,Gliridae,Graphiurus,nagtglasii,f,156,103,31,,,34.45,29.25,13.2,3.05,8.8,10.1,6.05,20.95,4.5,4.75,7.6,1.3,11.65,3.25,,4.75,2.85,7.8,15.95,1.8,,7.85,7.4,10.75,http://projects.biodiversity.be/africanmammalia/specimen/show/86310
S0048,1162,RMCA 4453-M-,preserved,Gliridae,Graphiurus,lorraineus,m,67,35,15,12.5,,,,,,,,,,,,,,,,,,,,,,,,,,http://projects.biodiversity.be/africanmammalia/specimen/show/25370
S0049,4940,,observation,Gliridae,Graphiurus,nagtglasii,f,140,111,30,20,,,,,,,,,,,,,,,,,,,,,,,,,,http://projects.biodiversity.be/africanmammalia/specimen/show/86298
S0050,a 403,,observation,Gliridae,Graphiurus,nagtglasii,f,154,109,30,22,36.55,33.35,27.95,13,2.8,8.5,10.05,5.45,20.5,4.55,5.1,7.4,1.35,10.95,3.3,13.5,4.9,2.95,7.65,15.8,1.7,,7.55,7.15,10.45,http://projects.biodiversity.be/africanmammalia/specimen/show/86309
S0051,11444,,observation,Gliridae,Graphiurus,lorraineus,,92,71,18,13,24.45,22.3,18.2,7.55,2.15,5.4,6.2,3.8,13.95,3.45,2.85,5.1,0.75,7.4,2.7,9.2,2.85,1.8,7.6,12.1,1.25,,5.15,5.15,6.7,http://projects.biodiversity.be/africanmammalia/specimen/show/86353
S0052,21459,,observation,Gliridae,Graphiurus,lorraineus,f,106,77,18,,,23.55,19.35,7.7,2.5,5.8,7.1,4.45,14.1,3.45,2.75,5,0.7,8,2.8,,2.5,1.85,7.4,11.9,1.2,,5.65,5.55,6.65,http://projects.biodiversity.be/africanmammalia/specimen/show/86331
S0053,1851,,observation,Gliridae,Graphiurus,lorraineus,f,79,60,17,13,,20.25,16,6.4,2.05,4.3,5.35,3.75,12.3,2.8,3.1,4.55,0.75,6.7,2.3,,2.75,1.5,6.4,10.8,1.05,,4.85,4.95,5.55,http://projects.biodiversity.be/africanmammalia/specimen/show/86346
S0054,1727,,observation,Gliridae,Graphiurus,lorraineus,m,93,68,18,12,24.9,22.1,18.35,7.6,2.5,5.5,6.75,3.9,13.95,3.2,2.85,5,0.8,7.4,2.75,9.6,2.9,1.95,7.25,11.7,1.15,,5.8,4.9,6.3,http://projects.biodiversity.be/africanmammalia/specimen/show/86345
S0055,11166,,observation,Gliridae,Graphiurus,lorraineus,f,75,73,17,12,22.9,20.35,17.05,7.2,2.45,5.05,6.25,3.85,,2.8,2.8,4.6,0.7,6.75,2.45,8.25,2.65,1.5,6.7,,1.05,,4.9,4.75,5.7,http://projects.biodiversity.be/africanmammalia/specimen/show/86351
S0056,9200,RMCA 29290-M-,preserved,Gliridae,Graphiurus,platyops,f,95,72,,17,,,,,,,,,,,,,,,,,,,,,,,,,,http://projects.biodiversity.be/africanmammalia/specimen/show/59355
S0057,3653,RMCA 96.038-M-3487,preserved,Gliridae,Graphiurus,murinus,m,88,,18,14,,,,,,,,,,,,,,,,,,,,,,,,,,http://projects.biodiversity.be/africanmammalia/specimen/show/47363
S0058,11497,,observation,Gliridae,Graphiurus,lorraineus,m,92,70,17,13,,22.4,18.15,7.25,2.5,5.35,6.5,4.05,14,3.3,2.7,5.1,0.7,7.35,2.7,,2.6,1.65,7.5,11.3,1.2,,5.4,5.2,6.7,http://projects.biodiversity.be/africanmammalia/specimen/show/86354
S0059,216,RMCA 1666-M- b,preserved,Gliridae,Graphiurus,christyi,f,95,60,16,12,,,,,,,,,,,,,,,,,,,,,,,,,,http://projects.biodiversity.be/africanmammalia/specimen/show/24792
S0060,13,RMCA 7220-M-,preserved,Gliridae,Graphiurus,lorraineus,f,75,48,,,,,,,,,,,,,,,,,,,,,,,,,,,,http://projects.biodiversity.be/africanmammalia/specimen/show/26229
S0061,8110,,observation,Gliridae,Graphiurus,nagtglasii,m,111,130,24,19,,,,,,,,,,,,,,,,,,,,,,,,,,http://projects.biodiversity.be/africanmammalia/specimen/show/86301
S0062,3553,RMCA 37040-M-,preserved,Gliridae,Graphiurus,kelleni,f,40,60,10,10,,,,,,,,,,,,,,,,,,,,,,,,,,http://projects.biodiversity.be/africanmammalia/specimen/show/2106
S0063,433,RMCA 1664-M- c,preserved,Gliridae,Graphiurus,christyi,m,100,75,,14,,,,,,,,,,,,,,,,,,,,,,,,,,http://projects.biodiversity.be/africanmammalia/specimen/show/24787
S0064,21169,,observation,Gliridae,Graphiurus,lorraineus,f,92,77,17,13,24.65,22.2,18.75,,2.15,5.25,6.3,3.8,,2.75,3.05,4.5,0.75,6.95,2.9,9.7,2.7,,7.65,10.65,1.2,,5.7,5.05,6.75,http://projects.biodiversity.be/africanmammalia/specimen/show/86359
S0065,a 831,,observation,Gliridae,Graphiurus,nagtglasii,m,119,,19,30,,28.8,23.95,10.6,2.85,7.05,8.35,5.45,18.1,4.1,4.6,7.2,1.4,10.6,2.85,,4.7,2.7,7.25,15.9,1.3,,6.45,6.55,8.55,http://projects.biodiversity.be/africanmammalia/specimen/show/86311
S0066,5556,RMCA 73.018-M-0440,preserved,Gliridae,Graphiurus,nagtglasii,m,140,125,33,23,,,,,,,,,,,,,,,,,,,,,,,,,,http://projects.biodiversity.be/africanmammalia/specimen/show/61647
S0067,11974,,observation,Gliridae,Graphiurus,lorraineus,m,99,65,18,,,,,,,,,,,,,,,,,,,,,,,,,,,http://projects.biodiversity.be/africanmammalia/specimen/show/86356
S0068,a 610,,observation,Gliridae,Graphiurus,lorraineus,m,95,,17,12,,22.1,18.35,7.3,2.4,5.5,6.2,4.45,12.6,2.75,3,4.65,0.8,7.65,2.95,,4.75,1.2,6.95,11.6,1.2,,5.45,5.45,6.65,http://projects.biodiversity.be/africanmammalia/specimen/show/86334
S0069,3598,RMCA a4.036-M-0073,preserved,Gliridae,Graphiurus,murinus,f,90,76,17,19,,,,,,,,,,,,,,,,,,,,,,,,,,http://projects.biodiversity.be/africanmammalia/specimen/show/66355
S0070,11006,,observation,Gliridae,Graphiurus,lorraineus,f,82,60,17,12,22.7,20.1,16.75,6.65,2.25,4.65,5.6,4,12.9,3,2.8,4.6,0.85,6.8,2.55,8.15,2.65,1.7,6.65,10.7,1.05,,5.1,5.3,5.5,http://projects.biodiversity.be/africanmammalia/specimen/show/86349
S0071,1757,,observation,Gliridae,Graphiurus,nagtglasii,m,71,51,18,8,,,,,,,,4.65,11.8,,,,,,2.5,5.85,3.35,1.3,5.45,11.75,0.5,,,,4.45,http://projects.biodiversity.be/africanmammalia/specimen/show/86295
S0072,4025,RMCA 96.038-M-3494,preserved,Gliridae,Graphiurus,microtis,f,88,,18,14,,,,,,,,,,,,,,,,,,,,,,,,,,http://projects.biodiversity.be/africanmammalia/specimen/show/47370
S0073,5558,RMCA 73.018-M-0441,preserved,Gliridae,Graphiurus,nagtglasii,f,146,129,32,22,,,,,,,,,,,,,,,,,,,,,,,,,,http://projects.biodiversity.be/africanmammalia/specimen/show/61648
S0074,1679,RMCA 96.038-M-3474,preserved,Gliridae,Graphiurus,microtis,f,82,92,18,14,,,,,,,,,,,,,,,,,,,,,,,,,,http://projects.biodiversity.be/africanmammalia/specimen/show/47350
S0075,1913,RMCA 96.038-M-3476,preserved,Gliridae,Graphiurus,microtis,m,80,,18,12,,,,,,,,,,,,,,,,,,,,,,,,,,http://projects.biodiversity.be/africanmammalia/specimen/show/47352
S0076,21483,,observation,Gliridae,Graphiurus,lorraineus,,,,,,,22.8,18.85,7.75,2.7,5.65,7.1,4.3,14.45,3.2,3,5.25,0.7,7.85,3.1,,2.9,1.9,7.1,11.5,1.3,,5.9,5.55,6.7,http://projects.biodiversity.be/africanmammalia/specimen/show/86333
S0077,1458,,observation,Gliridae,Graphiurus,lorraineus,m,82,68,17,12,23.5,20.95,17.3,7,2.45,5.15,6.3,4,13.65,3.3,2.75,5.1,0.7,7.3,2.7,8.5,2.7,1.55,6.95,11.1,1.05,,5.4,5,6.25,http://projects.biodiversity.be/africanmammalia/specimen/show/86341
S0078,6158,,observation,Gliridae,Graphiurus,lorraineus,f,88,75,18,11,24.25,21.55,17.85,7.35,2.7,5.15,6.35,4.25,13.65,3.4,2.9,5.25,0.7,7.55,2.75,8.8,2.95,1.7,6.6,11.85,1.15,,5.05,5.3,6.7,http://projects.biodiversity.be/africanmammalia/specimen/show/86326
S0079,3552,RMCA 37039-M-,preserved,Gliridae,Graphiurus,kelleni,f,80,50,15,10,,,,,,,,,,,,,,,,,,,,,,,,,,http://projects.biodiversity.be/africanmammalia/specimen/show/2105
S0080,187,RMCA 5219-M-,preserved,Gliridae,Graphiurus,murinus,f,88,85,15,14,,,,,,,,,,,,,,,,,,,,,,,,,,http://projects.biodiversity.be/africanmammalia/specimen/show/59099
S0081,9022,RMCA 29287-M-,preserved,Gliridae,Graphiurus,platyops,m,66,58,,13,,,,,,,,,,,,,,,,,,,,,,,,,,http://projects.biodiversity.be/africanmammalia/specimen/show/59352
S0082,8764,,observation,Gliridae,Graphiurus,nagtglasii,m,91,74,27,16,,,19.45,9.05,2.8,5.7,6.55,5.15,13.4,3.65,,6.2,1.05,8.35,,,4.65,2.05,6.55,13.5,0.8,,5.7,,5.9,http://projects.biodiversity.be/africanmammalia/specimen/show/86303
S0083,1447,RMCA 37036-M-,preserved,Gliridae,Graphiurus,kelleni,f,80,55,15,10,,,,,,,,,,,,,,,,,,,,,,,,,,http://projects.biodiversity.be/africanmammalia/specimen/show/2102
S0084,1456,,observation,Gliridae,Graphiurus,lorraineus,f,95,,17,13,25.6,23.05,19.05,7.5,2.5,5.2,6.45,3.85,14.5,3.7,2.95,,,8.05,2.85,9.2,2.4,1.75,7.7,11.3,1.35,,5.65,5.6,7.1,http://projects.biodiversity.be/africanmammalia/specimen/show/86340
S0085,6147,,observation,Gliridae,Graphiurus,lorraineus,f,87,72,17,11,25.7,22.4,18.3,7.4,2.5,5.45,6.6,4.35,14.05,3.5,2.85,,0.75,8.05,2.7,9.95,2.4,1.65,6.65,11.5,1.25,,5.45,5.35,6.65,http://projects.biodiversity.be/africanmammalia/specimen/show/86325
S0086,1509,,observation,Gliridae,Graphiurus,lorraineus,m,86,60,18,12,,,,7.45,2.45,5.2,6.55,4.3,,3.3,3,5.3,0.85,7.4,2.4,8.75,2.9,,7.3,,1.2,,5.6,5,6.75,http://projects.biodiversity.be/africanmammalia/specimen/show/86342
S0087,a 387,,observation,Gliridae,Graphiurus,nagtglasii,m,150,107,30,22,36.25,32.9,27.6,12.75,3.3,8.2,10.1,5.45,21.25,4.9,4.85,7.95,1.15,11.45,3,13.1,4.95,2.8,7.7,15.55,1.75,,7.35,7.2,10.45,http://projects.biodiversity.be/africanmammalia/specimen/show/86307
S0088,a 2903,,observation,Gliridae,Graphiurus,nagtglasii,f,117,114,,,31.15,26.3,22.3,10.65,2.75,7,8.1,5.25,,3.7,4.9,,1.1,9.1,2.65,11.25,5.2,1.7,6.85,14.3,1.15,,6,5.7,7.75,http://projects.biodiversity.be/africanmammalia/specimen/show/86316
S0089,a 392,,observation,Gliridae,Graphiurus,nagtglasii,m,159,105,29,21,,33.75,28.15,12.95,3.1,8.45,10.1,5.75,21.2,4.6,5.2,7.7,1.45,11.35,3.1,,5,2.8,7.8,16.1,1.65,,7.85,7.3,10.85,http://projects.biodiversity.be/africanmammalia/specimen/show/86308
S0090,6260,,observation,Gliridae,Graphiurus,nagtglasii,m,93,75,27,15,27.7,23.85,20.05,9.5,2.4,6.25,7.2,5.1,14.55,4.15,,6.3,1,8.55,2.35,9.3,4.9,2,6.6,14.4,0.85,,5.55,5.5,5.9,http://projects.biodiversity.be/africanmammalia/specimen/show/86299
S0091,a 8734,,observation,Gliridae,Graphiurus,nagtglasii,m,142,105,28,16,34.4,31.4,26.55,12.2,3,7.9,9.7,5.5,19.3,4.35,4.7,,,11.1,3,13.05,4.5,2.95,6.3,15.45,1.65,,7.15,7.4,9.1,http://projects.biodiversity.be/africanmammalia/specimen/show/86321
S0092,1544,,observation,Gliridae,Graphiurus,lorraineus,f,89,61,17,11,24.35,21.75,17.9,7.4,2.55,5.15,6.4,3.75,14.15,3.3,2.95,5.1,0.7,7.1,2.6,9.9,2.8,2,7.3,11.4,1.15,,5.3,4.95,6.75,http://projects.biodiversity.be/africanmammalia/specimen/show/86343
S0093,5532,RMCA 73.018-M-0207,preserved,Gliridae,Graphiurus,nagtglasii,m,270,111,30,,,,,,,,,,,,,,,,,,,,,,,,,,,http://projects.biodiversity.be/africanmammalia/specimen/show/61534
S0094,5313,,observation,Gliridae,Graphiurus,crassicaudatus,f,83,59,17,12,,21.5,17.55,8.75,2.15,4.8,6.25,4.55,15.2,3.1,3.55,5.05,0.9,8.05,1.7,,3.65,1.45,6.45,11.8,1,,5.4,5.05,7.35,http://projects.biodiversity.be/africanmammalia/specimen/show/86291
S0095,3776,RMCA 96.038-M-3491,preserved,Gliridae,Graphiurus,murinus,f,72,90,18,14,,,,,,,,,,,,,,,,,,,,,,,,,,http://projects.biodiversity.be/africanmammalia/specimen/show/47367
S0096,5533,RMCA 73.018-M-0208,preserved,Gliridae,Graphiurus,nagtglasii,f,265,121,31,23,,,,,,,,,,,,,,,,,,,,,,,,,,http://projects.biodiversity.be/africanmammalia/specimen/show/61535
S0097,215,RMCA 13543-M-,preserved,Gliridae,Graphiurus,christyi,m,80,65,17,15,,,,,,,,,,,,,,,,,,,,,,,,,,http://projects.biodiversity.be/africanmammalia/specimen/show/28023
S0098,115,RMCA 13512-M-,preserved,Gliridae,Graphiurus,christyi,f,120,50,16,10,,,,,,,,,,,,,,,,,,,,,,,,,,http://projects.biodiversity.be/africanmammalia/specimen/show/27997
S0099,10045,RMCA 29291-M-,preserved,Gliridae,Graphiurus,platyops,f,98,79,,17,,,,,,,,,,,,,,,,,,,,,,,,,,http://projects.biodiversity.be/africanmammalia/specimen/show/59356
S0100,a 2774,,observation,Gliridae,Graphiurus,nagtglasii,f,92,65,16,26,,22.85,18.95,8.65,,5.85,6.8,5.05,13.95,3.7,,5.95,0.95,,2.8,,4.7,,6.15,13.45,1.05,,5.05,,,http://projects.biodiversity.be/africanmammalia/specimen/show/86315
S0101,9021,RMCA 29286-M-,preserved,Gliridae,Graphiurus,platyops,m,68,62,,13,,,,,,,,,,,,,,,,,,,,,,,,,,http://projects.biodiversity.be/africanmammalia/specimen/show/59351
S0102,419,RMCA 1665-M- c,preserved,Gliridae,Graphiurus,christyi,f,100,65,17,,,,,,,,,,,,,,,,,,,,,,,,,,,http://projects.biodiversity.be/africanmammalia/specimen/show/24790
S0103,a 8839,RMCA 93.012-M-0481,preserved,Gliridae,Graphiurus,murinus,m,95,76,19,14,,,,,,,,,,,,,,,,,,,,,,,,,,http://projects.biodiversity.be/africanmammalia/specimen/show/38110
S0104,a 692,,observation,Gliridae,Graphiurus,lorraineus,f,95,82,20,,25.25,23,18.85,7.6,2.6,5.65,6.85,4.25,13.85,3.25,2.9,5,0.8,7.7,2.85,8.9,3,1.8,6.75,11.6,1.2,,5.4,5.6,6.7,http://projects.biodiversity.be/africanmammalia/specimen/show/86338
S0105,a 8735,,observation,Gliridae,Graphiurus,nagtglasii,m,150,,27,17,35.85,32.6,27.4,12.05,3.3,7.85,9.75,5.85,20.05,4.5,4.55,7.2,1.4,10.8,3.25,13.95,4.3,2.65,7.95,15.8,1.75,,7.6,7.1,10.1,http://projects.biodiversity.be/africanmammalia/specimen/show/86322
S0106,6159,,observation,Gliridae,Graphiurus,lorraineus,f,78,52,17,10,,20.55,17.05,7.2,1.85,5,6.15,4.35,13.15,3.25,2.85,4.95,0.65,7.05,2.55,,2.7,1.75,6.75,11.7,1.05,,5.2,4.95,5.85,http://projects.biodiversity.be/africanmammalia/specimen/show/86327
S0107,6867,,observation,Gliridae,Graphiurus,nagtglasii,f,147,63,28,20,37.55,33.75,28.45,12.6,3.45,8.3,10,5.75,20.15,4.35,5.2,,1.45,11.35,3.3,14.45,5.05,3.05,7.95,16.05,1.8,,7.45,7.5,10.4,http://projects.biodiversity.be/africanmammalia/specimen/show/86300
S0108,1758,,observation,Gliridae,Graphiurus,nagtglasii,m,70,49,19,8,19.4,17.2,14.55,6.7,1.4,3.9,4.9,4.4,11.35,,3.1,,,,2.55,5.75,3.35,1.1,5.4,11.45,0.45,,4.4,4.15,4.35,http://projects.biodiversity.be/africanmammalia/specimen/show/86296
S0109,720,,observation,Gliridae,Graphiurus,lorraineus,f,86,80,19,14,,,,,,,,,,,,,,,,,,,,,,,,,,http://projects.biodiversity.be/africanmammalia/specimen/show/84060
S0110,1655,RMCA 95.051-M-3100,preserved,Gliridae,Graphiurus,surdus,m,98,70,19,12,28.5,25.4,21.15,8.9,2.75,6.45,7.8,4.65,15.15,3.35,3.1,5.2,0.7,7.7,3.25,11.3,2.8,1.8,7.8,12.05,1.35,,6.3,5.9,8.05,http://projects.biodiversity.be/africanmammalia/specimen/show/7115
S0111,2181,RMCA 96.038-M-3480,preserved,Gliridae,Graphiurus,murinus,m,79,,18,14,,,,,,,,,,,,,,,,,,,,,,,,,,http://projects.biodiversity.be/africanmammalia/specimen/show/47356
S0112,1,RMCA 91.090-M-0044,preserved,Gliridae,Eliomys,quercinus,m,115,85,22,17,,,,,,,,,,,,,,,,,,,,,,,,,,http://projects.biodiversity.be/africanmammalia/specimen/show/63513
S0113,5,RMCA 91.090-M-0047,preserved,Gliridae,Eliomys,quercinus,f,140,125,25,,,,,,,,,,,,,,,,,,,,,,,,,,,http://projects.biodiversity.be/africanmammalia/specimen/show/63516
S0114,a 6188,,observation,Gliridae,Graphiurus,nagtglasii,f,133,116,29,18,,,,,,,,,,,,,,,,,,,,,,,,,,http://projects.biodiversity.be/africanmammalia/specimen/show/86319
S0115,455,RMCA 96.038-M-3470,preserved,Gliridae,Graphiurus,microtis,f,87,101,18,14,,,,,,,,,,,,,,,,,,,,,,,,,,http://projects.biodiversity.be/africanmammalia/specimen/show/47346
S0116,511,,observation,Gliridae,Graphiurus,lorraineus,,,,,,24.7,22.15,18.65,7.4,2.45,5.45,6.7,4.2,14.15,3.4,2.9,,0.7,8,2.5,8.95,2.6,1.75,6.7,11.8,1.3,,5.35,5.65,6.6,http://projects.biodiversity.be/africanmammalia/specimen/show/86323
S0117,1759,,observation,Gliridae,Graphiurus,nagtglasii,m,68,55,20,8,,,,,,,,4.85,11.55,3.25,,5.2,0.85,6.95,2.55,5.35,3.6,1.3,5.2,11.9,0.65,,,,4.4,http://projects.biodiversity.be/africanmammalia/specimen/show/86297
S0118,9023,RMCA 29288-M-,preserved,Gliridae,Graphiurus,platyops,f,62,64,,13.5,,,,,,,,,,,,,,,,,,,,,,,,,,http://projects.biodiversity.be/africanmammalia/specimen/show/59353
S0119,8475,,observation,Gliridae,Graphiurus,nagtglasii,f,124,96,28,16,,,,11.05,2.8,6.95,8.2,5.3,17.05,3.95,4.75,7.1,1.4,10.3,2.55,,4.9,2.65,,14.05,1.55,,6.35,6.4,8.1,http://projects.biodiversity.be/africanmammalia/specimen/show/86302
S0120,21155,,observation,Gliridae,Graphiurus,lorraineus,f,95,81,18,,,,,,2.25,5.05,6.3,,13.35,3,2.95,4.85,0.75,,,,2.95,1.65,7.45,,1.15,,,,6.7,http://projects.biodiversity.be/africanmammalia/specimen/show/86358
S0121,3219,RMCA 37037-M-,preserved,Gliridae,Graphiurus,kelleni,f,85,45,,,,,,,,,,,,,,,,,,,,,,,,,,,,http://projects.biodiversity.be/africanmammalia/specimen/show/2103
S0122,2130,,observation,Gliridae,Graphiurus,murinus,f,91,99,17,16,,,,8.15,2.75,5.7,6.9,4.4,14.3,3.65,3.2,5.55,0.8,8.1,2.9,,3,,,12.25,1.2,,5.85,5.8,6.25,http://projects.biodiversity.be/africanmammalia/specimen/show/84062
S0123,2195,RMCA 96.038-M-3481,preserved,Gliridae,Graphiurus,murinus,m,88,95,18,15,,,,,,,,,,,,,,,,,,,,,,,,,,http://projects.biodiversity.be/africanmammalia/specimen/show/47357
S0124,8584,,observation,Gliridae,Graphiurus,lorraineus,f,,,,,,,15.15,6.45,2.1,4.85,5.5,4.1,11.7,3.5,2.6,4.9,0.55,7.2,2.55,7.25,2.4,1.2,6.35,11.4,0.85,,4.95,4.9,5,http://projects.biodiversity.be/africanmammalia/specimen/show/86330
