sciName,family,subfamily,genus,specificEpithet,authoritySpeciesAuthor,authoritySpeciesYear,authorityParentheses,originalNameCombination,authoritySpeciesCitation,authoritySpeciesLink,typeVoucher,typeKind,typeVoucherURIs,typeLocality,typeLocalityLatitude,typeLocalityLongitude,nominalNames,taxonomyNotes,taxonomyNotesCitation,countryDistribution,continentDistribution,biogeographicRealm,iucnStatus
Glirulus_japonicus,Gliridae,Glirinae,Glirulus,japonicus,H. R. Schinz,1845,1,Myoxus javanicus,"Schinz, H.R. 1845. Systematisches Verzeichniss aller bis jetzt bekannten Säugethiere oder Synopsis Mammalium nach dem Cuvier'schen System. Zweiter Band. Jent und Gassmann, Solothurn, 574 pp.",https://books.google.com/books?id=yNwTAAAAQAAJ,"RMNH.MAM.39367, RMNH.MAM.39368, RMNH.MAM.39369",syntypes,https://data.biodiversitydata.nl/naturalis/specimen/RMNH.MAM.39367.a | https://data.biodiversitydata.nl/naturalis/specimen/RMNH.MAM.39367.b | https://data.biodiversitydata.nl/naturalis/specimen/RMNH.MAM.39368.a | https://data.biodiversitydata.nl/naturalis/specimen/RMNH.MAM.39368.b | https://data.biodiversitydata.nl/naturalis/specimen/RMNH.MAM.39369,Japan.,,,"elegans (Temminck, 1844) [preoccupied]|japonicus (H. R. Schinz, 1845) [nomen novum | as emended]|japonicus (A. R. Wallace, 1880) [justified emendation]|lasiotis (O. Thomas, 1880) [nomen novum]",NA,NA,Japan,Asia,Palearctic,LC
Glis_glis,Gliridae,Glirinae,Glis,glis,Linnaeus,1766,1,Sciurus Glis,"Linnaeus, C. 1766. Systema Naturæ per Regna Tria Naturæ, Secundum Classes, Ordines, Genera, Species, cum Characteribus, Differentiis, Synonymis, Locis. Tomus I. Editio Duodecima, Reformata. Laurentii Salvii, Stockholm, 532 pp.",https://www.biodiversitylibrary.org/page/42946283,PMS 27369,neotype,,"""Habitat in Europa australi."" Restricted by C. Violani and B. Zava in 1994 to Southern Carniola, Slovenia.",45.92462,14.439479,"glis (Linnaeus, 1766)|somnolentus (E. A. W. von Zimmermann, 1777) [placed on index]|esculentus Blumenbach, 1779 [nomen novum]|vulgaris Oken, 1816 [placed on index | nomen novum]|giglis (F. Cuvier, 1832) [incorrect subsequent spelling]|diluvianus (zu Münster, 1833) [nomen nudum]|avellanus (R. Owen, 1840) [nomen nudum]|vulgaris Giebel, 1855 [nomen novum]|italicus Barrett-Hamilton, 1898|insularis Barrett-Hamilton, 1899|orientalis (Nehring, 1903)|spoliatus O. Thomas, 1906|melonii O. Thomas, 1907|pyrenaicus Cabrera, 1908|intermedius Altobello, 1920|subalpinus von Burg, 1920|tschetschenicus Satunin, 1920|postus I. G. S. Montagu, 1923|abrutti Altobello, 1924|minutus V. E. Martino, 1930|intermedius V. E. Martino & E. V. Martino, 1941 [preoccupied]|vagneri V. E. Martino & E. V. Martino, 1941|argenteus K. Zimmermann, 1953|abruttii Vietinghhoff-Riesch, 1960 [incorrect subsequent spelling]|esculantus Vietinghhoff-Riesch, 1960 [incorrect subsequent spelling]|martinoi Mirić, 1960 [nomen novum]|wagneri Đulić & Tortić, 1960 [incorrect subsequent spelling]|pindicus Ondrias, 1966|martinoi Grekova, 1969 [preoccupied]|germanicus (Violani & Zava, 1995)|grekovae (G. I. Baranova in G. I. Baranova & Gromov, 2003) [nomen novum]|tschetshenicus Holden, 2005 [incorrect subsequent spelling | not used as valid]",previously included G. persicus,"Kryštufek, B., Naderi, M., Janžekovič, F., Hutterer, R., Bombek, D., & Mahmoudi, A. (2021). A taxonomic revision of fat dormice, genus Glis (Rodentia). Mammalia, 85(4), 362-378.|Gharkhloo, M. M., Karataş, A., & Kassari, R. G. (2021). On the karyology, morphology and biology of Glis glis (Linnaeus, 1766)(Rodentia: Gliridae) in Iran. Biharean Biologist, 15(1), 53-58.",Spain|France|Belgium|Switzerland|Luxembourg|Liechtenstein|Italy|Germany|Austria|Czech Republic|Poland|Slovenia|Slovakia|Hungary|Croatia|Bosnia and Herzegovina|Serbia|Kosovo|Albania|Montenegro|North Macedonia|Greece|Bulgaria|Romania|Moldova|Ukraine|Belarus|Lithuania|Latvia|Russia|Georgia|Azerbaijan|Armenia|Turkey,Asia|Europe,Palearctic,LC
Glis_persicus,Gliridae,Glirinae,Glis,persicus,Erxleben,1777,1,Sciurus persicus,"Erxleben, J.C.P. 1777. Systema regni animalis per classes, ordines, genera, species, varietates cum synonymia et historia animalium. Classis I. Mammalia. Impensis Weygandianis, Leipzig, 636 pp.",https://www.biodiversitylibrary.org/page/15873214,,,,"""in Persiae provincia Gilan [in the Iranian Province of Gilan]."" Restricted by D. M. Lay in 1967 to “Rasht” “Iran: Ghilan [Gilan] Province.",,,"persicus (Erxleben, 1777)|caspicus (Satunin, 1905) [unjustified emendation]|caspius (Satunin, 1905)|petruccii G. G. Goodwin, 1939",split from G. glis,"Kryštufek, B., Naderi, M., Janžekovič, F., Hutterer, R., Bombek, D., & Mahmoudi, A. (2021). A taxonomic revision of fat dormice, genus Glis (Rodentia). Mammalia, 85(4), 362-378.|Gharkhloo, M. M., Karataş, A., & Kassari, R. G. (2021). On the karyology, morphology and biology of Glis glis (Linnaeus, 1766)(Rodentia: Gliridae) in Iran. Biharean Biologist, 15(1), 53-58.",Azerbaijan|Iran|Turkmenistan,Asia,Palearctic,NE
Graphiurus_angolensis,Gliridae,Graphiurinae,Graphiurus,angolensis,de Winton,1897,0,Graphiurus angolensis,"de Winton, W.E. 1897-08-31. On a collection of rodents from Angola. Annals and Magazine of Natural History (6)20(117):320-324.",https://www.biodiversitylibrary.org/page/27415300,BMNH:Mamm:1892.1.9.9,holotype,https://data.nhm.ac.uk/object/78259a43-f789-411b-a6e5-b79345007241,"Caconda, Huila Plateau, south-western Angola.",,,"angolensis de Winton, 1897|parvulus Monard, 1933|dasilvai (A. Roberts, 1938)",NA,NA,Angola|Zambia,Africa,Afrotropic,DD
Graphiurus_christyi,Gliridae,Graphiurinae,Graphiurus,christyi,Dollman,1914,0,Graphiurus christyi,"Dollman, G. 1914. Notes on mammals collected by Dr. Christy in the Congo and by Dr. Bayer in Uganda and British East Africa. Revue zoologique africaine 4:75-90.",https://www.biodiversitylibrary.org/page/11472360,BMNH:Mamm:1914.2.11.8,holotype,https://data.nhm.ac.uk/object/27f52f6a-5748-48f5-a45f-1916efb64879,"Mambaka, DR Congo.",,,"christyi Dollman, 1914",NA,NA,Democratic Republic of the Congo|Cameroon,Africa,Afrotropic,LC
Graphiurus_crassicaudatus,Gliridae,Graphiurinae,Graphiurus,crassicaudatus,Jentink,1888,1,Claviglis crassicaudatus,"Jentink, F.A. 1888. Zoological researches in Liberia. A list of mammals, collected by J. Büttikofer, C. F. Sala and F. X. Stampfli, with biological observations. Notes from the Leyden Museum 10:1-58.",https://www.biodiversitylibrary.org/page/9622329,RMNH.MAM.26639,holotype,https://data.biodiversitydata.nl/naturalis/specimen/RMNH.MAM.26639.a | https://data.biodiversitydata.nl/naturalis/specimen/RMNH.MAM.26639.b,"Hill Town, Du Queah River, Liberia.",,,"crassicaudatus (Jentink, 1888)|dorotheae Dollman, 1912",NA,NA,Guinea|Liberia|Cote d'Ivoire|Ghana|Togo|Nigeria|Cameroon|Equatorial Guinea,Africa,Afrotropic,DD
Graphiurus_johnstoni,Gliridae,Graphiurinae,Graphiurus,johnstoni,O. Thomas,1898,0,Graphiurus johnstoni,"Thomas, O. 1898-04. On the mammals obtained by Mr. A. Whyte in Nyasaland, and presented to the British Museum by Sir H. H. Johnston, K.C.B.; being a fifth contribution to the mammal-fauna of Nyasaland. Proceedings of the Zoological Society of London 1897(4):925-939.",https://www.biodiversitylibrary.org/page/30988175,BMNH:Mamm:1897.10.1.86,holotype,https://data.nhm.ac.uk/object/ec594127-a941-4d5c-a4e9-d0977922dda5,"Zomba, southern Malawi.",,,"johnstoni O. Thomas, 1898",NA,NA,Malawi,Africa,Afrotropic,DD
Graphiurus_kelleni,Gliridae,Graphiurinae,Graphiurus,kelleni,Reuvens,1890,1,Eliomys kelleni,"Reuvens, C.L. 1890. Die Myoxidae oder Schlaefer. Ein Beitrag zur Osteologie und Systematik der Nagethiere. P.W.M. Trap, Leiden, 80 pp.",https://www.biodiversitylibrary.org/page/14819041,RMNH.MAM.26638,holotype,https://data.biodiversitydata.nl/naturalis/specimen/RMNH.MAM.26638.a | https://data.biodiversitydata.nl/naturalis/specimen/RMNH.MAM.26638.b,"""Damara-land,"" Mossamedes District, south-western Angola. Modified by C. L. Reuvens to ""Damara-land"" in ""Süd West Afrika"" (= Namibia). Corrected by J. E. Hill and T. D. Carter in 1941 to ""Damara-land"" in south-western Angola.",,,"kelleni (Reuvens, 1890)|parvus (F. W. True, 1893)|nanus (de Winton, 1897)|brockmani Dollman, 1910|dollmani Osgood, 1910|personatus E. Heller, 1911|ansorgei Dollman, 1912|internus Dollman, 1912|foxi Dollman, 1914|olga (O. Thomas, 1925)|tasmani (A. Roberts, 1929)|cuanzensis (J. Eric Hill & T. D. Carter, 1937)",NA,NA,Senegal|Gambia|Guinea-Bissau|Mali|Burkina Faso|Cote d'Ivoire|Ghana|Togo|Benin|Niger|Nigeria|Cameroon|Sudan|Ethiopia|South Sudan|Somalia|Kenya|Uganda|Democratic Republic of the Congo|Tanzania|Angola|Zambia|Malawi|Mozambique|Zimbabwe,Africa,Afrotropic,LC
Graphiurus_lorraineus,Gliridae,Graphiurinae,Graphiurus,lorraineus,Dollman,1910,0,Graphiurus lorraineus,"Dollman, G. 1910-03-01. Two new species of African dormice belonging to the genus _Graphiurus_. Annals and Magazine of Natural History (8)5(27):285-288.",https://www.biodiversitylibrary.org/page/16094710,BMNH:Mamm:1907.7.8.115,holotype,https://data.nhm.ac.uk/object/660cfa97-aef8-4c59-a2df-63524c52249b,"Molegbwe, south of Setema Rapids, Welle (Uele) River, Democratic Republic of the Congo.",,,"lorraineus Dollman, 1910|haedulus Dollman, 1912|spurrelli Dollman, 1912",NA,NA,Sierra Leone|Liberia|Guinea|Cote d'Ivoire|Ghana|Nigeria|Cameroon|Equatorial Guinea|Gabon|Central African Republic|Republic of the Congo|Democratic Republic of the Congo|Angola|Zambia|Uganda?,Africa,Afrotropic,LC
Graphiurus_microtis,Gliridae,Graphiurinae,Graphiurus,microtis,Noack,1887,1,Eliomys microtis,"Noack, T. 1887-05-07. Beiträge zur Kenntniss der Säugethier-Fauna von Ost- und Central-Afrika. Nach Sammlungen und Aufzeichnungen des verstorbenen Dr. Richard Böhm. Zoologische Jahrbücher 2(2):193-302.",https://www.biodiversitylibrary.org/page/10356288,,holotype,,"Qua Mpala, Marungu, Democratic Republic of the Congo.",,,"orobinus (J. A. Wagner, 1845)|microtis (Noack, 1887)|smithii (O. Thomas, 1893)|griselda Schwann, 1906|woosnami Dollman, 1910|butleri Dollman, 1912|pretoriae A. Roberts, 1913|streeteri A. Roberts, 1913|tzaneenensis A. Roberts, 1913|littoralis (A. Roberts, 1929)|vandami (A. Roberts, 1929)|etoschae (A. Roberts, 1938)|schneideri (A. Roberts, 1938)|albolineatus (Frechkop, 1947)|sudanensis Setzer, 1953|marrensis Setzer, 1956","the name orobinus may apply to this species or M. parvus and if it applies to this species, it would have priority over microtis; we hesitate from making this change put list the name under this species until further comparison confirms the names relationship",NA,Cameroon|Chad|Sudan|South Sudan|Ethiopia|Democratic Republic of the Congo|Uganda|Kenya|Tanzania|Rwanda|Burundi|Zambia|Angola|Malawi|Mozambique|Zimbabwe|Namibia|Botswana|South Africa|Eswatini,Africa,Afrotropic,LC
Graphiurus_monardi,Gliridae,Graphiurinae,Graphiurus,monardi,St. Leger,1936,1,Claviglis monardi,"St. Leger, J. 1936-04-01. Mammals from Angola, including a new species of _Claviglis_ and a new race of _Zelotomys_. Annals and Magazine of Natural History (10)17(100):464-472.",https://doi.org/10.1080/00222933608655142,BMNH:Mamm:1935.3.20.1,holotype,,"Kioko, 1250 m, 15 km above Dala, Tyihumbwe (Chiumbe) River, NE Angola.",,,"monardi (St. Leger, 1936)|schoutedeni Frechkop, 1947",NA,NA,Angola|Democratic Republic of the Congo|Zambia,Africa,Afrotropic,DD
Graphiurus_murinus,Gliridae,Graphiurinae,Graphiurus,murinus,A. G. Desmarest,1822,1,myoxus murinus,"Desmarest, A.G. 1822-07-06. Mammalogie ou description des espèces de mammifères. Seconde partie, contenant les ordres des rongeurs, des édentés, des pachydermes, des ruminans et des cétacés. Veuve Agasse, Paris, 277-555 pp.",https://www.biodiversitylibrary.org/page/39521986,"MNHN:type:321 (= MNHN ""774""), MNHN:type:321a (= MNHN ""775"")",syntypes,,"Cape Province, Cape of Good Hope, South Africa.",,,"murinus (A. G. Desmarest, 1822)|lalandianus (H. R. Schinz, 1825) [nomen novum]|erythrobronchus (A. Smith, 1829)|cineraceus (Rüppell, 1842)|cinerascens (H. R. Schinz, 1845) [unjustified emendation]|subrufus (O. R. Neumann, 1900)|raptor Dollman, 1910|saturatus Dollman, 1910|soleatus O. Thomas & Wroughton, 1910|griseus G. M. Allen, 1912|isolatus E. Heller, 1912|johnstoni E. Heller, 1912 [preoccupied]|transvaalensis A. Roberts, 1913 [nomen nudum]|vulcanicus Lönnberg & Gyldenstolpe, 1925|alticola (A. Roberts, 1929)|zuluensis (A. Roberts, 1931)|collaris (G. M. Allen & Loveridge, 1933)|selindensis (A. Roberts, 1937)",NA,NA,Ethiopia|Kenya|Uganda|Democratic Republic of the Congo|Rwanda|Burundi|Tanzania|Zambia|Malawi|Zimbabwe|Mozambique|South Africa|Eswatini|Lesotho,Africa,Afrotropic,LC
Graphiurus_nagtglasii,Gliridae,Graphiurinae,Graphiurus,nagtglasii,Jentink,1888,0,Graphiurus nagtglasii,"Jentink, F.A. 1888. Zoological researches in Liberia. A list of mammals, collected by J. Büttikofer, C. F. Sala and F. X. Stampfli, with biological observations. Notes from the Leyden Museum 10:1-58.",https://www.biodiversitylibrary.org/page/9622326,"RMNH.MAM.26631, RMNH.MAM.26632, RMNH.MAM.26633, RMNH.MAM.26634, RMNH.MAM.26635",syntypes,https://data.biodiversitydata.nl/naturalis/specimen/RMNH.MAM.26631.a | https://data.biodiversitydata.nl/naturalis/specimen/RMNH.MAM.26631.b | https://data.biodiversitydata.nl/naturalis/specimen/RMNH.MAM.26632 | https://data.biodiversitydata.nl/naturalis/specimen/RMNH.MAM.26633 | https://data.biodiversitydata.nl/naturalis/specimen/RMNH.MAM.26634 | https://data.biodiversitydata.nl/naturalis/specimen/RMNH.MAM.26635.a | https://data.biodiversitydata.nl/naturalis/specimen/RMNH.MAM.26635.b,"Hill Town, Du Queah River, Liberia.",,,"nagtglasii Jentink, 1888|argenteus (G. M. Allen, 1936)",NA,NA,Guinea|Sierra Leone|Liberia|Cote d'Ivoire|Ghana|Togo|Nigeria|Cameroon|Central African Republic|Equatorial Guinea|Gabon,Africa,Afrotropic,LC
Graphiurus_ocularis,Gliridae,Graphiurinae,Graphiurus,ocularis,A. Smith,1829,1,Sciurus ocularis,"Smith, A. 1829-05. Contributions to the natural history of South Africa. Zoological Journal 4(16):433-444.",https://www.biodiversitylibrary.org/page/2310848,,,,"near Plettenberg Bay, western Cape Province, South Africa.",,,"capensis (F. Cuvier in É. Geoffroy Saint-Hilaire & F. Cuvier, 1829) [not published with a generic name]|ocularis (A. Smith, 1829)|capensis Smuts, 1832|typicus A. Smith, 1834|elegans W. Ogilby, 1838",NA,NA,South Africa,Africa,Afrotropic,LC
Graphiurus_platyops,Gliridae,Graphiurinae,Graphiurus,platyops,O. Thomas,1897,0,Graphiurus platyops,"Thomas, O. 1897-04-01. On a new dormouse from Mashunaland. Annals and Magazine of Natural History (6)19(112):388-389.",https://www.biodiversitylibrary.org/page/19267868,BMNH:Mamm:1897.2.16.2,holotype,https://data.nhm.ac.uk/object/bc02178d-7602-4121-bea9-3e153c0f3565,"Enkeldorn, Mashonaland, southern Zimbabwe.",,,"platyops O. Thomas, 1897|eastwoodae A. Roberts, 1913|jordani (A. Roberts, 1929)",NA,NA,Zambia|Malawi|Zimbabwe|Mozambique|Botswana|South Africa|Eswatini,Africa,Afrotropic,LC
Graphiurus_rupicola,Gliridae,Graphiurinae,Graphiurus,rupicola,O. Thomas & Hinton,1925,1,Gliriscus rupicola,"Thomas, O. and Hinton, M.A.C. 1925-04-03. On mammals collected in 1923 by Captain. G. C. Shortridge during the Percy Sladen and Kaffrarian Museum Expedition to South-West Africa. Proceedings of the Zoological Society of London 1925(1):221-246.",https://doi.org/10.1111/j.1096-3642.1925.tb03348.x,BMNH:Mamm:1925.1.2.71,holotype,https://data.nhm.ac.uk/object/15f32e4a-95df-4212-b0b0-ca17907c49ae,"Karibib, west-central Namibia, 3842 feet (1170 m).",,,"montosus (O. Thomas & Hinton, 1925)|rupicola (O. Thomas & Hinton, 1925)|australis (Shortridge & T. D. Carter, 1938)|kaokoensis (A. Roberts, 1938)",NA,NA,Angola|Namibia|South Africa,Africa,Afrotropic,LC
Graphiurus_surdus,Gliridae,Graphiurinae,Graphiurus,surdus,Dollman,1912,0,Graphiurus surdus,"Dollman, G. 1912-03-01. Seven new African dormice. Annals and Magazine of Natural History (8)9(51):312-320.",https://www.biodiversitylibrary.org/page/18639071,BMNH:Mamm:1900.2.5.55,holotype,https://data.nhm.ac.uk/object/ba7a7c71-fbc5-4dee-be47-c00585bc2fd1,"Benito River, Rio Muni Province, western Equatorial Guinea.",,,"schwabi G. M. Allen, 1912|surdus Dollman, 1912",NA,NA,Cameroon|Equatorial Guinea|Gabon|Democratic Republic of the Congo,Africa,Afrotropic,DD
Graphiurus_walterverheyeni,Gliridae,Graphiurinae,Graphiurus,walterverheyeni,Holden & Levine,2009,0,Graphiurus walterverheyeni,"Holden, M.E. and Levine, R.S. 2009-12-15. Systematic revision of Sub-Saharan African dormice (Rodentia: Gliridae: _Graphiurus_). Part II: Description of a new species of _Graphiurus_ from the central Congo Basin, including morphological and ecological niche comparisons with _G. crassicaudatus_ and _G. lorraineus_. Bulletin of the American Museum of Natural History 331:314-355.",https://doi.org/10.1206/582-9.1,BMNH:Mamm:1927.3.1.35,holotype,,"River Lukenie (Meridian 22.30 E), 500 meters, western DR Congo.",-3.5,22.5,"walterverheyeni Holden & Levine, 2009",recently described,"Holden, M.E., and Levine, R.S. 2009. Systematic Revision of Sub-Saharan African Dormice (Rodentia: Gliridae: Graphiurus) Part II: Description of a New Species of Graphiurus from the Central Congo Basin, Including Morphological and Ecological Niche Comparisons with G. crassicaudatus and G. lorraineus. Bulletin of the American Museum of Natural History 331: 314-355.",Democratic Republic of the Congo,Africa,Afrotropic,DD
Chaetocauda_sichuanensis,Gliridae,Leithiinae,Chaetocauda,sichuanensis,Wang Youzhi,1985,0,Chaetocauda sichuanensis,"Wang, Y.-z. 1985. A new genus and species of Gliridae—_Chaetocauda sichuanensis_ gen. et sp. nov. Acta Theriologica Sinica 5(1):67-75.",,,holotype,,"Wang-lang Nature Reserve, [2480 m,] Pingwu county, northern Sichuan Province, China.",,,"sichuanensis Wang Youzhi, 1985",NA,NA,China,Asia,Palearctic,DD
Dryomys_laniger,Gliridae,Leithiinae,Dryomys,laniger,Felten & Storch,1968,0,Dryomys laniger,"Felten, H. and Storch, G. 1968-12-20. Eine neue Schläfer-Art, _Dryomys laniger_ n. sp. aus Kleinasien (Rodentia: Gliridae). Senckenbergiana biologica 49(6):429-435.",,SMF:MAMM:33830,holotype,,"Çiğlikara, 2000 m, Bey Mountains, Antalya, Turkey.",,,"laniger Felten & Storch, 1968",NA,NA,Turkey,Asia,Palearctic,DD
Dryomys_niethammeri,Gliridae,Leithiinae,Dryomys,niethammeri,Holden,1996,0,Dryomys niethammeri,"Holden, M.E. 1996. Description of a new species of _Dryomys_ (Rodentia, Myoxidae) from Balochistan, Pakistan, including morphological comparisons with _Dryomys laniger_ Felten & Storch, 1968, and _D. nitedula_ (Pallas, 1778). Bonner zoologische Beiträge 46(1-4):111-131.",https://www.biodiversitylibrary.org/page/44832968,BMNH:Mamm:1979.688,holotype,https://data.nhm.ac.uk/object/3b89eaa0-ccef-430d-bc04-2c228adc9050 | https://data.nhm.ac.uk/object/4d7b3c08-a4fd-438d-bea6-fd025ff4c818 | https://data.nhm.ac.uk/object/5e379b7b-67db-4cb6-b2c1-f99f644d809a,"one mile east of Ziarat, [30.25 N, 67.49 E, above 2591 m,] Balochistan Province, Pakistan.",30.41666667,67.81666667,"niethammeri Holden, 1996",NA,NA,Pakistan,Asia,Palearctic,VU
Dryomys_nitedula,Gliridae,Leithiinae,Dryomys,nitedula,Pallas,1779,1,Mus nitedula,"Pallas, P.S. 1779. Fasciculus II. Pp. 71–388 in Pallas, P.S. 1778-1779. Novae species quadrupedum e glirium ordine cum illustrationibus variis complurium ex hoc ordine animalium. Wolfgang Walther, Erlangen, 388 pp.",https://www.biodiversitylibrary.org/page/15494916,,,,"Kazan region, near Volga River, Republic of Tatarstan.",,,"nitedula (Pallas, 1779)|dryas (von Schreber, 1782)|nitidula (Boddaert, 1785) [incorrect subsequent spelling]|pictus (Blanford, 1875)|intermedius (Nehring, 1902)|wingei (Nehring, 1902)|angelus (O. Thomas, 1906)|nitidulus (O. Thomas, 1906) [incorrect subsequent spelling]|phrygius (O. Thomas, 1907)|robustus (G. S. Miller, 1910)|milleri (O. Thomas, 1912)|tichomirovi Satunin, 1920|obolenskii (Ognev & Vorob'yev, 1923)|carpathicus (Brohmer, 1927)|bilkjewiczi (Ognev & Heptner, 1928)|ognevi (Heptner & Formozov, 1928)|caucasicus (Ognev & Turov, 1935)|dagestanicus (Ognev & Turov, 1935)|kurdistanicus (Ognev & Turov, 1935)|pallidus (Ognev & Turov, 1935)|saxatilis (Rosanov, 1935)|tanaiticus (Ognev & Turov, 1935)|daghestanicus Ellerman & Morrison-Scott, 1951 [incorrect subsequent spelling]|ravijojla Paspalev, K. V. Martino, & Peshev, 1952|diamesus E. von Lehmann, 1959|aspromontis E. von Lehmann, 1964|tichomirowi Holden, 2005 [incorrect subsequent spelling | not used as valid]|yarkandensis Liao Lifu, An Ran, Shi Shen, Xu Yimei, Luo Yun, & Liao Weichen, 2020 [unpublished electronic]","the Italian (aspromontis) and Iranian (pictus) endemic subspecies may be distinct species based on limited molecular and morphological studies, but further studies incorporating material from the entire range of D. nitedula are needed before the taxa are elevated to species status; includes the name yarkandensis until it is described officially, as it is currently unavailable","Bisconti, R., Aloise, G., Siclari, A., Fava, V., Provenzano, M., Arduino, P., ... & Canestrelli, D. (2017). Forest Dormouse (Dryomys nitedula) populations in southern Italy belong to a deeply divergent evolutionary lineage. bioRxiv, 210070.|Mohammadi, Z., Kami, H. G., Ghorbani, F., Khajeh, A., & Olsson, U. (2020). Cryptic lineage diversity within Forest Dormice (Mammalia: Dryomys nitedula) revealed by deep genetic divergence among different subspecies on the Iranian Plateau and in adjacent areas. Mammalian Biology, 1-14.|Liao, L., An, R., Shi, S., Xu, Y., Luo, Y., & Liao, W. (2020). One New Species of the Genus Dryomys (Rodentia, Glirgae) from Xinjiang China, Dryomys Yarkandensis sp. nov. bioRxiv.",Italy|Switzerland|Austria|Germany|Czech Republic|Slovenia|Croatia|Bosnia and Herzegovina|Serbia|Kosovo|Montenegro|North Macedonia|Albania|Greece|Bulgaria|Romania|Hungary|Slovakia|Poland|Moldova|Ukraine|Belarus|Lithuania|Latvia|Russia|Armenia|Azerbaijan|Georgia|Turkey|Syria|Lebanon|Israel|Iraq|Iran|Turkmenistan|Afghanistan|Pakistan|Uzbekistan|Tajikistan|Kyrgyzstan|Kazakhstan|China|Mongolia,Asia|Europe,Palearctic,LC
Eliomys_melanurus,Gliridae,Leithiinae,Eliomys,melanurus,J. A. Wagner,1839,1,Myoxus melanurus,"Wagner, J.A. 1839-09-20. Die Professoren Dr. A. Wagner und I. Zuccarini erstatten der Klasse Bericht über die von Hrn. Hofrath von Schubert und seinen Begleitern den Doctoren Roth und Erdl von ihrer Reise nach Aegypten und Palästina mitgebrachten Sammlungen. Gelehrte Anzeigen der Königlich Bayerischen Akademie der Wissenschaften zu München 8(37):297-302.",https://hdl.handle.net/2027/mdp.39015033505846?urlappend=%3Bseq=152%3Bownerid=13510798895489774-156,,syntypes,,"Sinai. Restricted by J. A. Nader and colleagues in 1983 to ""vicinity of Mount Sinai,"" Egypt.",,,"melanurus (J. A. Wagner, 1839)|melanura A. Murray, 1866 [incorrect subsequent spelling]|cyrenaicus Festa, 1922",NA,NA,Libya|Egypt|Israel|Saudi Arabia|Jordan|Lebanon|Syria|Turkey|Iraq,Africa|Asia,Palearctic,LC
Eliomys_munbyanus,Gliridae,Leithiinae,Eliomys,munbyanus,A. Pomel,1856,1,Myoxus munbyanus,"Pomel, A. 1856. Notes sur la mammalogie de l'Algérie. Comptes rendus hebdomadaires des séances de l'Académie des sciences 42:652-655.",https://www.biodiversitylibrary.org/page/1212467,"MNHN-ZM-MO-1860-686 (= MNHN:type:320) (= MNHN ""769"")",holotype,,"Region d'Oran (Province of Oran), Algeria.",,,"munbyanus (A. Pomel, 1856)|mumbyanus (Loche, 1858) [incorrect subsequent spelling]|lerotinus (Lataste, 1885)|occidentalis O. Thomas, 1903|tunetae O. Thomas, 1903|munbianus Klaptocz, 1909 [incorrect subsequent spelling]|denticulatus Ranck, 1968",NA,NA,Morocco|Algeria|Tunisia|Libya,Africa,Palearctic,LC
Eliomys_quercinus,Gliridae,Leithiinae,Eliomys,quercinus,Linnaeus,1766,1,Mus quercinus,"Linnaeus, C. 1766. Systema Naturæ per Regna Tria Naturæ, Secundum Classes, Ordines, Genera, Species, cum Characteribus, Differentiis, Synonymis, Locis. Tomus I. Editio Duodecima, Reformata. Laurentii Salvii, Stockholm, 532 pp.",https://www.biodiversitylibrary.org/page/42946280,,,,Germany.,,,"quercinus (Linnaeus, 1766)|nitela (von Schreber, 1782)|nitella (Bechstein, 1801) [incorrect subsequent spelling]|nitedulae (Pallas, 1811)|dichrurus (Rafinesque, 1814)|lusitanica Reuvens, 1890 [not used as valid]|amori (Graells, 1897)|pallidus Barrett-Hamilton, 1899|cincticauda G. S. Miller, 1901|sardus Barrett-Hamilton, 1901|gymnesicus O. Thomas, 1903|hortualis Cabrera, 1904|hamiltoni Cabrera, 1907|lusitanicus Cabrera, 1908|gotthardus von Burg, 1920|jurassicus von Burg, 1920|raeticus von Burg, 1920|ophiusae O. Thomas, 1925|superans Ognev & Stroganov, 1936|liparensis Kahmann, 1960|dalmaticus Đulić & Felten, 1962|helleri Jánossy, 1962|valverdei Palacios, Castroviejo, & Garzón, 1974|jurrasicus Holden, 2005 [incorrect subsequent spelling | not used as valid]",NA,NA,Portugal|Spain|France|Belgium|Netherlands|Luxembourg|Switzerland|Liechtenstein|Italy|Germany|Czech Republic|Austria|Slovenia|Croatia|Bosnia and Herzegovina|Romania|Hungary|Moldova|Ukraine|Slovakia|Poland|Belarus|Latvia|Estonia|Finland|Russia,Europe,Palearctic,NT
Muscardinus_avellanarius,Gliridae,Leithiinae,Muscardinus,avellanarius,Linnaeus,1758,1,Mus avellanarius,"Linnaeus, C. 1758-01-01. Systema naturæ per regna tria naturæ, secundum classes, ordines, genera, species, cum characteribus, differentiis, synonymis, locis. Tomus I. Editio decima, reformata. Laurentii Salvii, Stockholm, 823 pp.",https://www.biodiversitylibrary.org/page/25033873,,,,Sweden.,,,"avellanarius (Linnaeus, 1758)|aellanarius (Erxleben, 1777) [incorrect subsequent spelling]|muscardinus (von Schreber, 1782)|speciosus (Dehne, 1855)|avellenarius (E. Blyth, 1863) [incorrect subsequent spelling]|corilinum (Fatio, 1869) [not used as valid]|pulcher Barrett-Hamilton, 1898|anglicus Barrett-Hamilton, 1900|trapezius G. S. Miller, 1908|niveus Altobello, 1920|mustairensis von Burg, 1921|zeus Chaworth-Musters, 1932|kroecki Niethammer & L. Bohmann, 1950|abanticus Kıvanç, 1983",NA,NA,United Kingdom|France|Belgium|Netherlands|Luxembourg|Switzerland|Liechtenstein|Italy|Germany|Denmark|Austria|Czech Republic|Poland|Slovakia|Hungary|Slovenia|Croatia|Bosnia and Herzegovina|Serbia|Kosovo|Montenegro|Albania|North Macedonia|Greece|Bulgaria|Romania|Moldova|Ukraine|Belarus|Lithuania|Latvia|Estonia|Sweden|Russia|Turkey,Asia|Europe,Palearctic,LC
Myomimus_personatus,Gliridae,Leithiinae,Myomimus,personatus,Ognev,1924,0,Myomimus personatus,"Priroda Okhota Ukraine [Nat. and Hunting in Ukraine], Kharkov, vol. 1-2, 115",,ZMMU S-4310,holotype,https://zmmu.msu.ru/dbs/list_record.php?id=S-4310,"along the Sumbar River, near Kaine-Kassyr, W Kopet Dag Mts, SW Turkmenistan.",,,"personatus Ognev, 1924",NA,NA,Turkmenistan|Iran|Afghanistan|Uzbekistan,Asia,Palearctic,DD
Myomimus_roachi,Gliridae,Leithiinae,Myomimus,roachi,Bate,1937,1,Philistomys roachi,"Bate, D.M.A. 1937-09-01. New Pleistocene mammals from Palestine. Annals and Magazine of Natural History (10)20(117):397-400.",https://doi.org/10.1080/00222933708655355,BMNH:PV:M 15279,holotype,,"late Pleistocene sediments in Tabun Cave, Mount Carmel, northern Israel.",,,"roachi (Bate, 1937)|judaicus Tchernov, 1968|bulgaricus Rossolimo, 1976",NA,NA,Bulgaria|Turkey|Greece?,Asia|Europe,Palearctic,VU
Myomimus_setzeri,Gliridae,Leithiinae,Myomimus,setzeri,Rossolimo,1976,0,Myomimus setzeri,"Rossolimo, O.L. 1976. _Myomimus setzeri_ (Mammalia, Myoxidae), a new species of mouse-like dormouse from Iran. Vestnik zoologii 1976(4):51-53.",http://mail.izan.kiev.ua/vz-pdf/1976/4/VZ%201976-4-08-Rossolimo.pdf,USNM:MAMM:369888,holotype,http://n2t.net/ark:/65665/332aafacb-684a-434e-ab4d-442d951e0714,"4 km west of Bane, Kordestan Province, western Iran.",,,"setzeri Rossolimo, 1976",NA,NA,Turkey|Iran,Asia,Palearctic,DD
Selevinia_betpakdalaensis,Gliridae,Leithiinae,Selevinia,betpakdalaensis,Beloslyudov & Bazhanov,1939,0,Selevinia betpakdalaensis,"Beloslyudov, B.A. and Bazhanov, V.S. 1939. Новый род и вид грызуна из Центрального Казахстана. Ученые записки Казахского государственного университета 1(1):81-86.",,IZK (number not known),holotype,,"Kyzyl-Ui, Betpak-Dala Desert, southern Kazakhstan.",,,"betpakdalaensis Beloslyudov & Bazhanov, 1939|paradoxa Argyropulo & Vinogradov, 1939|betpakdalensis Corbet & J. Edwards Hill, 1980 [incorrect subsequent spelling]",NA,NA,Kazakhstan|China?,Asia,Palearctic,DD
