ID,Family,SubFamily,Genus,Species_Prep,Sex,Age,bodymass(g),head-body(mm),tail (mm),ear (mm),hindfoot (mm),GLS,CI,Zyg,Brain,Height,UTRL,m1-m3,m3-m3,Mand,LTR,Mm1-m3
ZWW132,Gliridae,Graphiurinae,Graphiurus,nagtglasii MOTU01,F,Adult,67,130,92,19,26,32.4,30.4,19.4,15.5,11.8,14.4,5,7.4,21.1,12.6,4.9
JCK11238,Gliridae,Graphiurinae,Graphiurus,MOTU02,,,,,,,,,,,,,,,,,,
R24007,Gliridae,Graphiurinae,Graphiurus,MOTU03,M,,,59,38,9.6,13,,,,,,,,,,,
R24027,Gliridae,Graphiurinae,Graphiurus,MOTU03,F,,,75,48,11.8,12.4,,,,,,,,,,,
RLMar151,Gliridae,Graphiurinae,Graphiurus,MOTU04,,,,,,,,,,,,,,,,,,
CAR116,Gliridae,Graphiurinae,Graphiurus,MOTU05,,,,,,,,,,,,,,,,,,
GA2949,Gliridae,Graphiurinae,Graphiurus,MOTU05,M,,,82,96,12.8,20.3,,,,,,,,,,,
FMNH151364,Gliridae,Graphiurinae,Graphiurus,MOTU06,,,,,,,,,,,,,,,,,,
FMNH154001,Gliridae,Graphiurinae,Graphiurus,MOTU06,,,,,,,,,,,,,,,,,,
FMNH196192,Gliridae,Graphiurinae,Graphiurus,MOTU06,,,,,,,,,,,,,,,,,,
FMNH196634,Gliridae,Graphiurinae,Graphiurus,MOTU06,,,,,,,,,,,,,,,,,,
ANG0007,Gliridae,Graphiurinae,Graphiurus,MOTU07,M,A+,35,106.3,93.8,19.7,23,,,,,,,,,,,
KE041,Gliridae,Graphiurinae,Graphiurus,MOTU08 A,,A- [m?la mlá?ata],19,84,70,14.1,12.8,,,,,,,,,,,
KE088,Gliridae,Graphiurinae,Graphiurus,MOTU08 A,,"sub T(3x1,2)",10,72,62,14.8,13.5,,,,,,,,,,,
TZ27632,Gliridae,Graphiurinae,Graphiurus,MOTU08 A,,A? (mc0),17,85,80,15.5,13.6,,,,,,,,,,,
TZ27633,Gliridae,Graphiurinae,Graphiurus,MOTU08 A,,A+ (mc0),16,81,66,15.1,13.3,,,,,,,,,,,
TZ27645,Gliridae,Graphiurinae,Graphiurus,MOTU08 A,,A-,14,69,74,,11.9,,,,,,,,,,,
LAV3436,Gliridae,Graphiurinae,Graphiurus,MOTU08 B,,,,,,,,,,,,,,,,,,
P0994,Gliridae,Graphiurinae,Graphiurus,MOTU09,M,,10,67,54,12,14,,,,,,,,,,,
TZ28200,Gliridae,Graphiurinae,Graphiurus,MOTU10,,,14,76.2,72.7,15.6,14.2,,,,,,,,,,,
FMNH163759,Gliridae,Graphiurinae,Graphiurus,MOTU10,,,,,,,,,,,,,,,,,,
FMNH205145,Gliridae,Graphiurinae,Graphiurus,MOTU10,,,,,,,,,,,,,,,,,,
TZUP004,Gliridae,Graphiurinae,Graphiurus,MOTU10,,,,,,,,,,,,,,,,,,
TZUP005,Gliridae,Graphiurinae,Graphiurus,MOTU10,,,,,,,,,,,,,,,,,,
TZUP026,Gliridae,Graphiurinae,Graphiurus,MOTU10,,,,,,,,,,,,,,,,,,
TZUP031,Gliridae,Graphiurinae,Graphiurus,MOTU10,,,,,,,,,,,,,,,,,,
TZUP045,Gliridae,Graphiurinae,Graphiurus,MOTU10,,,,,,,,,,,,,,,,,,
CIV0892,Gliridae,Graphiurinae,Graphiurus,cf. lorraineus MOTU11 C,F,,25,95,82,16,12,,,,,,,,,,,
CIV1213,Gliridae,Graphiurinae,Graphiurus,cf. lorraineus MOTU11 C,M,,28,105,85,16,13,,,,,,,,,,,
MK8,Gliridae,Graphiurinae,Graphiurus,cf. lorraineus MOTU11 C,F,,18,91,46,18,14,,,,,,,,,,,
SI21,Gliridae,Graphiurinae,Graphiurus,cf. lorraineus MOTU11 B,F,,14,85,83,16,14,,,,,,,,,,,
SI66,Gliridae,Graphiurinae,Graphiurus,cf. lorraineus MOTU11 B,F,,11,83,76,14,13,,,,,,,,,,,
BE0001,Gliridae,Graphiurinae,Graphiurus,cf. lorraineus MOTU11 A,,,,,,,,,,,,,,,,,,
BE0291,Gliridae,Graphiurinae,Graphiurus,cf. lorraineus MOTU11 A,M,,23,91,86,,15,,,,,,,,,,,
BE0347,Gliridae,Graphiurinae,Graphiurus,cf. lorraineus MOTU11 A,F,,12,70,88,,15,,,,,,,,,,,
BE0539,Gliridae,Graphiurinae,Graphiurus,cf. lorraineus MOTU11 A,M,,16.5,78,84,,13,,,,,,,,,,,
BE0589,Gliridae,Graphiurinae,Graphiurus,cf. lorraineus MOTU11 A,F,,13,76,77,,11,,,,,,,,,,,
BE0878,Gliridae,Graphiurinae,Graphiurus,cf. lorraineus MOTU11 A,F,,16,87,45,,14,,,,,,,,,,,
DFA555,Gliridae,Graphiurinae,Graphiurus,cf. lorraineus MOTU11 C,,,,,,,,,,,,,,,,,,
DFA556,Gliridae,Graphiurinae,Graphiurus,cf. lorraineus MOTU11 C,,,,,,,,,,,,,,,,,,
DFA590,Gliridae,Graphiurinae,Graphiurus,cf. lorraineus MOTU11 C,,,,,,,,,,,,,,,,,,
GDOB1859,Gliridae,Graphiurinae,Graphiurus,cf. lorraineus MOTU11 A,,,,,,,,,,,,,,,,,,
NIMII68,Gliridae,Graphiurinae,Graphiurus,cf. lorraineus MOTU11 C,,,,,,,,,,,,,,,,,,
P0585,Gliridae,Graphiurinae,Graphiurus,cf. lorraineus MOTU11 C,F,,28,99,46,12,18,,,,,,,,,,,
P2461,Gliridae,Graphiurinae,Graphiurus,cf. lorraineus MOTU11 C,F,,20,83,90,13,15,,,,,,,,,,,
VN1185,Gliridae,Graphiurinae,Graphiurus,cf. lorraineus MOTU11 D,F,,21,81,,13,13,,,,,,,,,,,
VN1630,Gliridae,Graphiurinae,Graphiurus,cf. lorraineus MOTU11 C,F,,10,67,59,8,17,,,,,,,,,,,
VN1643,Gliridae,Graphiurinae,Graphiurus,cf. lorraineus MOTU11 C,M,,10,61,62,12,17,,,,,,,,,,,
ZWW115,Gliridae,Graphiurinae,Graphiurus,cf. lorraineus MOTU11 C,F,Adult,14,75,77,7,17,22.7,21.9,13.4,12,7.9,10,3.3,4.9,14.5,8.8,3.5
ZWW144,Gliridae,Graphiurinae,Graphiurus,cf. lorraineus MOTU11 C,M,Adult,19,90,75,19,18,23.5,22.3,,12.3,8,9.7,3.5,5.1,14,8.2,3.3
ETH0400,Gliridae,Graphiurinae,Graphiurus,MOTU12 B,,sub [MC+],16,82,67,15.7,14.4,,,,,,,,,,,
ETH0501,Gliridae,Graphiurinae,Graphiurus,MOTU12 B,,,13.2,72.1,58,14.8,14.1,,,,,,,,,,,
ETH0600,Gliridae,Graphiurinae,Graphiurus,MOTU12 C,F,sub,11.3,76,63,14.6,13.4,,,,,,,,,,,
ETH1314,Gliridae,Graphiurinae,Graphiurus,MOTU12 B,,A-,19.5,88,86,20.4,17.4,,,,,,,,,,,
ETH1315,Gliridae,Graphiurinae,Graphiurus,MOTU12 B,,A/sub,17,82,60,17,13.2,,,,,,,,,,,
ETH1341,Gliridae,Graphiurinae,Graphiurus,MOTU12 B,,A+,20,84,65,16.4,14.1,,,,,,,,,,,
CMR01,Gliridae,Graphiurinae,Graphiurus,MOTU12 D,,,,,,,,,,,,,,,,,,
CMR06,Gliridae,Graphiurinae,Graphiurus,MOTU12 D,,,,,,,,,,,,,,,,,,
CMR17,Gliridae,Graphiurinae,Graphiurus,MOTU12 D,,,,,,,,,,,,,,,,,,
CMR19,Gliridae,Graphiurinae,Graphiurus,MOTU12 D,,,,,,,,,,,,,,,,,,
CMR21,Gliridae,Graphiurinae,Graphiurus,MOTU12 D,,,,,,,,,,,,,,,,,,
CMR5,Gliridae,Graphiurinae,Graphiurus,MOTU12 D,,,,,,,,,,,,,,,,,,
CRT682,Gliridae,Graphiurinae,Graphiurus,MOTU12 A,,,,,,,,,,,,,,,,,,
Denys21,Gliridae,Graphiurinae,Graphiurus,MOTU12 B,,,,,,,,,,,,,,,,,,
ETH1594,Gliridae,Graphiurinae,Graphiurus,MOTU12 B,,,,,,,,,,,,,,,,,,
FMNH202879,Gliridae,Graphiurinae,Graphiurus,MOTU12 A,,,,,,,,,,,,,,,,,,
LAV2521,Gliridae,Graphiurinae,Graphiurus,MOTU12 C,,,,,,,,,,,,,,,,,,
LAV2597,Gliridae,Graphiurinae,Graphiurus,MOTU12 C,,,,,,,,,,,,,,,,,,
MET2586,Gliridae,Graphiurinae,Graphiurus,MOTU12 B,,,,,,,,,,,,,,,,,,
N4236,Gliridae,Graphiurinae,Graphiurus,MOTU12 E,,,,,,,,,,,,,,,,,,
RTE127,Gliridae,Graphiurinae,Graphiurus,MOTU12 B,,,,,,,,,,,,,,,,,,
MOZ210,Gliridae,Graphiurinae,Graphiurus,MOTU13,,,21.5,90,60,15,17.1,,,,,,,,,,,
FMNH183735,Gliridae,Graphiurinae,Graphiurus,MOTU13,,,,,,,,,,,,,,,,,,
AMNH55739,Gliridae,Graphiurinae,Graphiurus,MOTU14,,,,,,,,,,,,,,,,,,
PT2016x29,Gliridae,Graphiurinae,Graphiurus,MOTU14,,,,,,,,,,,,,,,,,,
DQ652185,Gliridae,Graphiurinae,Graphiurus,MOTU15,,,,,,,,,,,,,,,,,,
FMNH190300,Gliridae,Graphiurinae,Graphiurus,MOTU16,,,,,,,,,,,,,,,,,,
FMNH190301,Gliridae,Graphiurinae,Graphiurus,MOTU16,,,,,,,,,,,,,,,,,,
FMNH190302,Gliridae,Graphiurinae,Graphiurus,MOTU16,,,,,,,,,,,,,,,,,,
FMNH190303,Gliridae,Graphiurinae,Graphiurus,MOTU16,,,,,,,,,,,,,,,,,,
FMNH190304,Gliridae,Graphiurinae,Graphiurus,MOTU16,,,,,,,,,,,,,,,,,,
FMNH190305,Gliridae,Graphiurinae,Graphiurus,MOTU16,,,,,,,,,,,,,,,,,,
FMNH190306,Gliridae,Graphiurinae,Graphiurus,MOTU16,,,,,,,,,,,,,,,,,,
FMNH190307,Gliridae,Graphiurinae,Graphiurus,MOTU16,,,,,,,,,,,,,,,,,,
FMNH190308,Gliridae,Graphiurinae,Graphiurus,MOTU16,,,,,,,,,,,,,,,,,,
FMNH190632,Gliridae,Graphiurinae,Graphiurus,MOTU16,,,,,,,,,,,,,,,,,,
FMNH190633,Gliridae,Graphiurinae,Graphiurus,MOTU16,,,,,,,,,,,,,,,,,,
FMNH216964,Gliridae,Graphiurinae,Graphiurus,MOTU16,,,,,,,,,,,,,,,,,,
KEN20150165,Gliridae,Graphiurinae,Graphiurus,MOTU16,Female,,39.9,110,137,17,23,,,,,,,,,,,
KEN20150306,Gliridae,Graphiurinae,Graphiurus,MOTU16,Male,,26.7,101,93,17,20,,,,,,,,,,,
KEN20150349,Gliridae,Graphiurinae,Graphiurus,MOTU16,Female,,16.1,85,80,13,17.5,,,,,,,,,,,
KEN20150390,Gliridae,Graphiurinae,Graphiurus,MOTU16,Female,,16.8,89,76,,17,,,,,,,,,,,
KEN20150749,Gliridae,Graphiurinae,Graphiurus,MOTU16,Female,,19.5,87,84,16,18,,,,,,,,,,,
KEN20150834,Gliridae,Graphiurinae,Graphiurus,MOTU16,Female,,18.9,81,88,15,17,,,,,,,,,,,
KEN20150937,Gliridae,Graphiurinae,Graphiurus,MOTU16,Female,,22.3,91,75,15.5,15,,,,,,,,,,,
KEN20150997,Gliridae,Graphiurinae,Graphiurus,MOTU16,Female,,25.4,92,62,15,16,,,,,,,,,,,
KEN20151040,Gliridae,Graphiurinae,Graphiurus,MOTU16,Male,,18.1,87,72,15,16,,,,,,,,,,,
KEN20151041,Gliridae,Graphiurinae,Graphiurus,MOTU16,Female,,14.7,83,66,14.5,17,,,,,,,,,,,
KEN20151042,Gliridae,Graphiurinae,Graphiurus,MOTU16,Female,,24.3,97,38,15.5,18,,,,,,,,,,,
KEN20151092,Gliridae,Graphiurinae,Graphiurus,MOTU16,Male,,28,102,70,15.5,17,,,,,,,,,,,
KEN20151101,Gliridae,Graphiurinae,Graphiurus,MOTU16,Male,,19.4,83,72,15,17,,,,,,,,,,,
KEN20151327,Gliridae,Graphiurinae,Graphiurus,MOTU16,Female,,17.4,90,89,,17,,,,,,,,,,,
KEN20151471,Gliridae,Graphiurinae,Graphiurus,MOTU16,Male,,17.6,90,72,14,16,,,,,,,,,,,
KEN20151483,Gliridae,Graphiurinae,Graphiurus,MOTU16,Female,,15.7,87,76,15.5,17,,,,,,,,,,,
ANG0121,Gliridae,Graphiurinae,Graphiurus,MOTU17,M,juv,15,86,76,17.7,15.6,,,,,,,,,,,
ANG0122,Gliridae,Graphiurinae,Graphiurus,MOTU17,F,A,17,72.4,,14.7,17.1,,,,,,,,,,,
Bulembu06,Gliridae,Graphiurinae,Graphiurus,MOTU18,,,,,,,,,,,,,,,,,,
Bulembu07,Gliridae,Graphiurinae,Graphiurus,MOTU18,,,,,,,,,,,,,,,,,,
Bulembu08,Gliridae,Graphiurinae,Graphiurus,MOTU18,,,,,,,,,,,,,,,,,,
Bulembu20,Gliridae,Graphiurinae,Graphiurus,MOTU18,,,,,,,,,,,,,,,,,,
Bulembu25,Gliridae,Graphiurinae,Graphiurus,MOTU18,,,,,,,,,,,,,,,,,,
AJ225115,Gliridae,Graphiurinae,Graphiurus,MOTU19,,,,,,,,,,,,,,,,,,
AJ225115D,Gliridae,Graphiurinae,Graphiurus,MOTU19,,,,,,,,,,,,,,,,,,
FMNH138128,Gliridae,Graphiurinae,Graphiurus,MOTU19,,,,,,,,,,,,,,,,,,
FMNH138129,Gliridae,Graphiurinae,Graphiurus,MOTU19,,,,,,,,,,,,,,,,,,
FMNH138133,Gliridae,Graphiurinae,Graphiurus,MOTU19,,,,,,,,,,,,,,,,,,
FMNH145224,Gliridae,Graphiurinae,Graphiurus,MOTU19,,,,,,,,,,,,,,,,,,
FMNH145225,Gliridae,Graphiurinae,Graphiurus,MOTU19,,,,,,,,,,,,,,,,,,
FMNH149344,Gliridae,Graphiurinae,Graphiurus,MOTU19,,,,,,,,,,,,,,,,,,
FMNH149346,Gliridae,Graphiurinae,Graphiurus,MOTU19,,,,,,,,,,,,,,,,,,
FMNH149348,Gliridae,Graphiurinae,Graphiurus,MOTU19,,,,,,,,,,,,,,,,,,
FMNH149349,Gliridae,Graphiurinae,Graphiurus,MOTU19,,,,,,,,,,,,,,,,,,
FMNH157821,Gliridae,Graphiurinae,Graphiurus,MOTU19,,,,,,,,,,,,,,,,,,
FMNH160968,Gliridae,Graphiurinae,Graphiurus,MOTU19,,,,,,,,,,,,,,,,,,
FMNH173463,Gliridae,Graphiurinae,Graphiurus,MOTU19,,,,,,,,,,,,,,,,,,
FMNH173464,Gliridae,Graphiurinae,Graphiurus,MOTU19,,,,,,,,,,,,,,,,,,
FMNH189124,Gliridae,Graphiurinae,Graphiurus,MOTU19,,,,,,,,,,,,,,,,,,
FMNH189295,Gliridae,Graphiurinae,Graphiurus,MOTU19,,,,,,,,,,,,,,,,,,
FMNH189297,Gliridae,Graphiurinae,Graphiurus,MOTU19,,,,,,,,,,,,,,,,,,
FMNH211371,Gliridae,Graphiurinae,Graphiurus,MOTU19,,,,,,,,,,,,,,,,,,
NNP660,Gliridae,Graphiurinae,Graphiurus,MOTU19,,,,,,,,,,,,,,,,,,
FMNH157986,Gliridae,Graphiurinae,Graphiurus,MOTU20 A,,,,,,,,,,,,,,,,,,
FMNH160972,Gliridae,Graphiurinae,Graphiurus,MOTU20 A,,,,,,,,,,,,,,,,,,
FMNH195179,Gliridae,Graphiurinae,Graphiurus,MOTU20 B,,,,,,,,,,,,,,,,,,
FMNH207677,Gliridae,Graphiurinae,Graphiurus,MOTU20 A,,,,,,,,,,,,,,,,,,
FMNH212143,Gliridae,Graphiurinae,Graphiurus,MOTU20 A,,,,,,,,,,,,,,,,,,
FMNH212144,Gliridae,Graphiurinae,Graphiurus,MOTU20 A,,,,,,,,,,,,,,,,,,
FMNH212348,Gliridae,Graphiurinae,Graphiurus,MOTU20 A,,,,,,,,,,,,,,,,,,
FMNH212349,Gliridae,Graphiurinae,Graphiurus,MOTU20 A,,,,,,,,,,,,,,,,,,
FMNH228005,Gliridae,Graphiurinae,Graphiurus,MOTU20 B,,,,,,,,,,,,,,,,,,
FMNH228072,Gliridae,Graphiurinae,Graphiurus,MOTU20 B,,,,,,,,,,,,,,,,,,
FMNH228073,Gliridae,Graphiurinae,Graphiurus,MOTU20 B,,,,,,,,,,,,,,,,,,
UGA1149,Gliridae,Graphiurinae,Graphiurus,MOTU20 A,,,,,,,,,,,,,,,,,,
UGA1152,Gliridae,Graphiurinae,Graphiurus,MOTU20 A,,,,,,,,,,,,,,,,,,
TZ27993,Gliridae,Graphiurinae,Graphiurus,MOTU21 D,,A- T(6x3),18,88,73,17.3,14.2,,,,,,,,,,,
FMNH150365,Gliridae,Graphiurinae,Graphiurus,MOTU21 A,,,,,,,,,,,,,,,,,,
FMNH151363,Gliridae,Graphiurinae,Graphiurus,MOTU21 A,,,,,,,,,,,,,,,,,,
FMNH158571,Gliridae,Graphiurinae,Graphiurus,MOTU21 C,,,,,,,,,,,,,,,,,,
FMNH196193,Gliridae,Graphiurinae,Graphiurus,MOTU21 B,,,,,,,,,,,,,,,,,,
FMNH196196,Gliridae,Graphiurinae,Graphiurus,MOTU21 B,,,,,,,,,,,,,,,,,,
FMNH196201,Gliridae,Graphiurinae,Graphiurus,MOTU21 B,,,,,,,,,,,,,,,,,,
FMNH196202,Gliridae,Graphiurinae,Graphiurus,MOTU21 B,,,,,,,,,,,,,,,,,,
FMNH196642,Gliridae,Graphiurinae,Graphiurus,MOTU21 B,,,,,,,,,,,,,,,,,,
FMNH196647,Gliridae,Graphiurinae,Graphiurus,MOTU21 B,,,,,,,,,,,,,,,,,,
FMNH196648,Gliridae,Graphiurinae,Graphiurus,MOTU21 B,,,,,,,,,,,,,,,,,,
KEN20160011,Gliridae,Graphiurinae,Graphiurus,MOTU21 A,Female,,13,81,70,13,17,,,,,,,,,,,
MN066290,Gliridae,Graphiurinae,Graphiurus,MOTU21 D,,,,,,,,,,,,,,,,,,
ETH0114,Gliridae,Graphiurinae,Graphiurus,MOTU22 A,,? ut 1mm,18.9,90.5,90,15.2,12.8,,,,,,,,,,,
ETH0658,Gliridae,Graphiurinae,Graphiurus,MOTU22 A,,,16,83,71,15.2,14.6,,,,,,,,,,,
KE118,Gliridae,Graphiurinae,Graphiurus,MOTU22 B,,A+ E? [MC+?],18.5,88,77,17.1,19.6,,,,,,,,,,,
CMAD5,Gliridae,Graphiurinae,Graphiurus,MOTU22 A,,,,,,,,,,,,,,,,,,
ETH1565,Gliridae,Graphiurinae,Graphiurus,MOTU22 A,,,,,,,,,,,,,,,,,,
ETH3039,Gliridae,Graphiurinae,Graphiurus,MOTU22 A,,,,,,,,,,,,,,,,,,
ETH6088,Gliridae,Graphiurinae,Graphiurus,MOTU22 A,,,,,,,,,,,,,,,,,,
LAV3083,Gliridae,Graphiurinae,Graphiurus,MOTU22 A,,,,,,,,,,,,,,,,,,
Tomass002,Gliridae,Graphiurinae,Graphiurus,MOTU22 A,,,,,,,,,,,,,,,,,,
Tomass015,Gliridae,Graphiurinae,Graphiurus,MOTU22 A,,,,,,,,,,,,,,,,,,
Tomass017,Gliridae,Graphiurinae,Graphiurus,MOTU22 A,,,,,,,,,,,,,,,,,,
Tomass018,Gliridae,Graphiurinae,Graphiurus,MOTU22 A,,,,,,,,,,,,,,,,,,
Tomass023,Gliridae,Graphiurinae,Graphiurus,MOTU22 A,,,,,,,,,,,,,,,,,,
Tomass024,Gliridae,Graphiurinae,Graphiurus,MOTU22 A,,,,,,,,,,,,,,,,,,
Tomass110,Gliridae,Graphiurinae,Graphiurus,MOTU22 A,,,,,,,,,,,,,,,,,,
Tomass127,Gliridae,Graphiurinae,Graphiurus,MOTU22 A,,,,,,,,,,,,,,,,,,
Tomass134,Gliridae,Graphiurinae,Graphiurus,MOTU22 A,,,,,,,,,,,,,,,,,,
Tomass210,Gliridae,Graphiurinae,Graphiurus,MOTU22 A,,,,,,,,,,,,,,,,,,
Tomass240,Gliridae,Graphiurinae,Graphiurus,MOTU22 A,,,,,,,,,,,,,,,,,,
Tomass330,Gliridae,Graphiurinae,Graphiurus,MOTU22 A,,,,,,,,,,,,,,,,,,
Tomass410,Gliridae,Graphiurinae,Graphiurus,MOTU22 A,,,,,,,,,,,,,,,,,,
JS027,Gliridae,Graphiurinae,Graphiurus,MOTU23,,A- [sub/A?],16,84,61,15,14.4,,,,,,,,,,,
JS140,Gliridae,Graphiurinae,Graphiurus,MOTU23,,A-,23.5,93,33,16.6,15,,,,,,,,,,,
RS0860,Gliridae,Graphiurinae,Graphiurus,MOTU23,,"A- T(7,2x3,1)",22,82,73,15.5,15.2,,,,,,,,,,,
ZAM09ZRD30,Gliridae,Graphiurinae,Graphiurus,MOTU23,,,,,,,,,,,,,,,,,,
ETH0708,Gliridae,Graphiurinae,Graphiurus,cf. microtis MOTU24,,A+,21.3,95,70,17.6,15,,,,,,,,,,,
KE176,Gliridae,Graphiurinae,Graphiurus,cf. microtis MOTU24,,A-,17,89,73,16.9,15.4,,,,,,,,,,,
KE194,Gliridae,Graphiurinae,Graphiurus,cf. microtis MOTU24,,A-,18.5,88,70,16,15.7,,,,,,,,,,,
KE195,Gliridae,Graphiurinae,Graphiurus,cf. microtis MOTU24,,A- [sub/A?],15,74,68,15.7,13,,,,,,,,,,,
KE306,Gliridae,Graphiurinae,Graphiurus,cf. microtis MOTU24,,"sub T(3x1,6)",13,75,67,16.6,13.8,,,,,,,,,,,
KE307,Gliridae,Graphiurinae,Graphiurus,cf. microtis MOTU24,,"sub T(4x1,5)",15,76,71,16.6,15,,,,,,,,,,,
KE311,Gliridae,Graphiurinae,Graphiurus,cf. microtis MOTU24,,"A± T(10x4,3)",19,88,76,16.5,14.6,,,,,,,,,,,
KE692,Gliridae,Graphiurinae,Graphiurus,cf. microtis MOTU24,F ,A+,21,92,54,15.5,15.3,,,,,,,,,,,
KE756,Gliridae,Graphiurinae,Graphiurus,cf. microtis MOTU24,,A+ T(12x7),22,93,71.5,15.9,14.2,,,,,,,,,,,
TA388,Gliridae,Graphiurinae,Graphiurus,cf. microtis MOTU24,,sub,14.5,86,,16.6,16.1,,,,,,,,,,,
TA463,Gliridae,Graphiurinae,Graphiurus,cf. microtis MOTU24,,A-,20,85,67,16.6,14,,,,,,,,,,,
TZ27578,Gliridae,Graphiurinae,Graphiurus,cf. microtis MOTU24,,A+ T(10x6);vs+,22,93,72,15.8,15.1,,,,,,,,,,,
TZ27579,Gliridae,Graphiurinae,Graphiurus,cf. microtis MOTU24,,A+ T(11x6);vs+,25,95,66,16.6,13.9,,,,,,,,,,,
TZ27580,Gliridae,Graphiurinae,Graphiurus,cf. microtis MOTU24,,juv mc0,,72,55,15.9,13.2,,,,,,,,,,,
TZ27609,Gliridae,Graphiurinae,Graphiurus,cf. microtis MOTU24,,A-,18,84,65,16.3,14.1,,,,,,,,,,,
TZ27610,Gliridae,Graphiurinae,Graphiurus,cf. microtis MOTU24,,"A+ E(2,1);21mm",27,93,67,16.4,14.2,,,,,,,,,,,
TZ27870,Gliridae,Graphiurinae,Graphiurus,cf. microtis MOTU24,,"A+ E(2,1);20mm",20,85,74,13.3,13,,,,,,,,,,,
TZ27946,Gliridae,Graphiurinae,Graphiurus,cf. microtis MOTU24,,A/sub,16,86,61,16.1,15.2,,,,,,,,,,,
TZ27947,Gliridae,Graphiurinae,Graphiurus,cf. microtis MOTU24,,A/sub,16.5,80,71,15,14.2,,,,,,,,,,,
TZ27948,Gliridae,Graphiurinae,Graphiurus,cf. microtis MOTU24,,"A- T(5,5x2)",18.5,86,67,17.2,15.9,,,,,,,,,,,
TZ27949,Gliridae,Graphiurinae,Graphiurus,cf. microtis MOTU24,,A- T(6x3),17,81,66,20.2,13.2,,,,,,,,,,,
TZ27950,Gliridae,Graphiurinae,Graphiurus,cf. microtis MOTU24,,A-,17,82,74,16.5,16,,,,,,,,,,,
TZ28227,Gliridae,Graphiurinae,Graphiurus,cf. microtis MOTU24,,,25,90.8,64.2,15.8,14.4,,,,,,,,,,,
TZ28230,Gliridae,Graphiurinae,Graphiurus,cf. microtis MOTU24,,,19,84,74,16.4,14,,,,,,,,,,,
TZ28231,Gliridae,Graphiurinae,Graphiurus,cf. microtis MOTU24,,"A+ E(3,0);8mm",27.5,88.7,70.1,16.4,14.7,,,,,,,,,,,
TZ28241,Gliridae,Graphiurinae,Graphiurus,cf. microtis MOTU24,,"A+ E(1,2);9mm",20,87,63.7,15.3,13.3,,,,,,,,,,,
TZ29797,Gliridae,Graphiurinae,Graphiurus,cf. microtis MOTU24,F,SH,17,84,76,18,14.6,,,,,,,,,,,
FMNH158120,Gliridae,Graphiurinae,Graphiurus,cf. microtis MOTU24,,,,,,,,,,,,,,,,,,
FMNH161405,Gliridae,Graphiurinae,Graphiurus,cf. microtis MOTU24,,,,,,,,,,,,,,,,,,
FMNH168417,Gliridae,Graphiurinae,Graphiurus,cf. microtis MOTU24,,,,,,,,,,,,,,,,,,
FMNH171714,Gliridae,Graphiurinae,Graphiurus,cf. microtis MOTU24,,,,,,,,,,,,,,,,,,
FMNH173465,Gliridae,Graphiurinae,Graphiurus,cf. microtis MOTU24,,,,,,,,,,,,,,,,,,
FMNH173466,Gliridae,Graphiurinae,Graphiurus,cf. microtis MOTU24,,,,,,,,,,,,,,,,,,
FMNH174386,Gliridae,Graphiurinae,Graphiurus,cf. microtis MOTU24,,,,,,,,,,,,,,,,,,
FMNH174387,Gliridae,Graphiurinae,Graphiurus,cf. microtis MOTU24,,,,,,,,,,,,,,,,,,
FMNH187207,Gliridae,Graphiurinae,Graphiurus,cf. microtis MOTU24,,,,,,,,,,,,,,,,,,
FMNH187214,Gliridae,Graphiurinae,Graphiurus,cf. microtis MOTU24,,,,,,,,,,,,,,,,,,
FMNH187215,Gliridae,Graphiurinae,Graphiurus,cf. microtis MOTU24,,,,,,,,,,,,,,,,,,
FMNH187271,Gliridae,Graphiurinae,Graphiurus,cf. microtis MOTU24,,,,,,,,,,,,,,,,,,
FMNH189293,Gliridae,Graphiurinae,Graphiurus,cf. microtis MOTU24,,,,,,,,,,,,,,,,,,
FMNH189294,Gliridae,Graphiurinae,Graphiurus,cf. microtis MOTU24,,,,,,,,,,,,,,,,,,
FMNH189296,Gliridae,Graphiurinae,Graphiurus,cf. microtis MOTU24,,,,,,,,,,,,,,,,,,
FMNH210349,Gliridae,Graphiurinae,Graphiurus,cf. microtis MOTU24,,,,,,,,,,,,,,,,,,
FMNH210350,Gliridae,Graphiurinae,Graphiurus,cf. microtis MOTU24,,,,,,,,,,,,,,,,,,
FMNH210351,Gliridae,Graphiurinae,Graphiurus,cf. microtis MOTU24,,,,,,,,,,,,,,,,,,
FMNH211135,Gliridae,Graphiurinae,Graphiurus,cf. microtis MOTU24,,,,,,,,,,,,,,,,,,
FMNH211368,Gliridae,Graphiurinae,Graphiurus,cf. microtis MOTU24,,,,,,,,,,,,,,,,,,
FMNH211369,Gliridae,Graphiurinae,Graphiurus,cf. microtis MOTU24,,,,,,,,,,,,,,,,,,
FMNH211370,Gliridae,Graphiurinae,Graphiurus,cf. microtis MOTU24,,,,,,,,,,,,,,,,,,
FMNH211372,Gliridae,Graphiurinae,Graphiurus,cf. microtis MOTU24,,,,,,,,,,,,,,,,,,
FMNH215079,Gliridae,Graphiurinae,Graphiurus,cf. microtis MOTU24,,,,,,,,,,,,,,,,,,
FMNH216965,Gliridae,Graphiurinae,Graphiurus,cf. microtis MOTU24,,,,,,,,,,,,,,,,,,
FMNH216966,Gliridae,Graphiurinae,Graphiurus,cf. microtis MOTU24,,,,,,,,,,,,,,,,,,
FMNH216967,Gliridae,Graphiurinae,Graphiurus,cf. microtis MOTU24,,,,,,,,,,,,,,,,,,
FMNH216968,Gliridae,Graphiurinae,Graphiurus,cf. microtis MOTU24,,,,,,,,,,,,,,,,,,
FMNH216969,Gliridae,Graphiurinae,Graphiurus,cf. microtis MOTU24,,,,,,,,,,,,,,,,,,
FMNH216970,Gliridae,Graphiurinae,Graphiurus,cf. microtis MOTU24,,,,,,,,,,,,,,,,,,
FMNH216972,Gliridae,Graphiurinae,Graphiurus,cf. microtis MOTU24,,,,,,,,,,,,,,,,,,
FMNH217583,Gliridae,Graphiurinae,Graphiurus,cf. microtis MOTU24,,,,,,,,,,,,,,,,,,
FMNH217584,Gliridae,Graphiurinae,Graphiurus,cf. microtis MOTU24,,,,,,,,,,,,,,,,,,
FMNH217585,Gliridae,Graphiurinae,Graphiurus,cf. microtis MOTU24,,,,,,,,,,,,,,,,,,
FMNH219290,Gliridae,Graphiurinae,Graphiurus,cf. microtis MOTU24,,,,,,,,,,,,,,,,,,
FMNH219291,Gliridae,Graphiurinae,Graphiurus,cf. microtis MOTU24,,,,,,,,,,,,,,,,,,
FMNH232158,Gliridae,Graphiurinae,Graphiurus,cf. microtis MOTU24,,,,,,,,,,,,,,,,,,
FMNH236582,Gliridae,Graphiurinae,Graphiurus,cf. microtis MOTU24,,,,,,,,,,,,,,,,,,
FMNH236583,Gliridae,Graphiurinae,Graphiurus,cf. microtis MOTU24,,,,,,,,,,,,,,,,,,
KEN20150240,Gliridae,Graphiurinae,Graphiurus,cf. microtis MOTU24,Female,,21.8,90,72,13,16,,,,,,,,,,,
KEN20150321,Gliridae,Graphiurinae,Graphiurus,cf. microtis MOTU24,Female,,22.2,95,84,11.5,16.5,,,,,,,,,,,
KEN20150327,Gliridae,Graphiurinae,Graphiurus,cf. microtis MOTU24,Unsexed,,,,,,,,,,,,,,,,,
KEN20150340,Gliridae,Graphiurinae,Graphiurus,cf. microtis MOTU24,Male,,5.5,55,52,11,11.5,,,,,,,,,,,
KEN20150414,Gliridae,Graphiurinae,Graphiurus,cf. microtis MOTU24,Male,,24.5,95,82,14,18,,,,,,,,,,,
KEN20150439,Gliridae,Graphiurinae,Graphiurus,cf. microtis MOTU24,Male,,22,93,79,13.5,17.5,,,,,,,,,,,
KEN20150520,Gliridae,Graphiurinae,Graphiurus,cf. microtis MOTU24,Male,,22.6,101,87,15,19,,,,,,,,,,,
KEN20151449,Gliridae,Graphiurinae,Graphiurus,cf. microtis MOTU24,Male,,19.8,90,61,16.5,17,,,,,,,,,,,
KEN20151663,Gliridae,Graphiurinae,Graphiurus,cf. microtis MOTU24,Male,,16.3,80,16,,,,,,,,,,,,,
KEN20151691,Gliridae,Graphiurinae,Graphiurus,cf. microtis MOTU24,Male,,22.4,90,77,15.5,16,,,,,,,,,,,
KEN20151692,Gliridae,Graphiurinae,Graphiurus,cf. microtis MOTU24,Male,,22.4,95,85,16.5,18,,,,,,,,,,,
KEN20151878,Gliridae,Graphiurinae,Graphiurus,cf. microtis MOTU24,Female,,18.2,90,81,18,18,,,,,,,,,,,
KEN20151902,Gliridae,Graphiurinae,Graphiurus,cf. microtis MOTU24,Female,,18.3,90,77,16.5,18,,,,,,,,,,,
KEN2018010027,Gliridae,Graphiurinae,Graphiurus,cf. microtis MOTU24,Male,,21.6,96,79,16,17,,,,,,,,,,,
KEN2018010045,Gliridae,Graphiurinae,Graphiurus,cf. microtis MOTU24,Female,,22.5,85,71,15,17,,,,,,,,,,,
KEN2018010060,Gliridae,Graphiurinae,Graphiurus,cf. microtis MOTU24,Female,,27.7,90,,,17,,,,,,,,,,,
KEN2018010061,Gliridae,Graphiurinae,Graphiurus,cf. microtis MOTU24,Female,,29.9,100,92,17.5,17,,,,,,,,,,,
KEN2018010106,Gliridae,Graphiurinae,Graphiurus,cf. microtis MOTU24,Female,,28.1,98,93,17.5,17,,,,,,,,,,,
KEN2018010122,Gliridae,Graphiurinae,Graphiurus,cf. microtis MOTU24,Male,,19.5,84,,16,17,,,,,,,,,,,
KEN2018010139,Gliridae,Graphiurinae,Graphiurus,cf. microtis MOTU24,Female,,19.3,88.5,79,14.5,17,,,,,,,,,,,
KEN2018010207,Gliridae,Graphiurinae,Graphiurus,cf. microtis MOTU24,Female,,23.7,96,89,16,17.5,,,,,,,,,,,
KEN2018010313,Gliridae,Graphiurinae,Graphiurus,cf. microtis MOTU24,Male,,28.9,101,150,,22.5,,,,,,,,,,,
KEN2018010428,Gliridae,Graphiurinae,Graphiurus,cf. microtis MOTU24,Male,,24.6,95,74,15,17,,,,,,,,,,,
KEN2018010429,Gliridae,Graphiurinae,Graphiurus,cf. microtis MOTU24,Female,,19.2,89,80,15.5,17.5,,,,,,,,,,,
KEN2018010493,Gliridae,Graphiurinae,Graphiurus,cf. microtis MOTU24,Male,,36.3,104,142,17.5,22,,,,,,,,,,,
KEN2018010494,Gliridae,Graphiurinae,Graphiurus,cf. microtis MOTU24,Female,,19.5,85,132,,22,,,,,,,,,,,
KEN2018010495,Gliridae,Graphiurinae,Graphiurus,cf. microtis MOTU24,Female,,19.6,85,131,,20.5,,,,,,,,,,,
KEN2018010505,Gliridae,Graphiurinae,Graphiurus,cf. microtis MOTU24,Female,,15.4,75,73,14.5,16,,,,,,,,,,,
KEN2018010507,Gliridae,Graphiurinae,Graphiurus,cf. microtis MOTU24,Female,,22.6,98,,,16,,,,,,,,,,,
KEN2018010513,Gliridae,Graphiurinae,Graphiurus,cf. microtis MOTU24,Male,,76.3,135,103,18,23.5,,,,,,,,,,,
KEN2018010519,Gliridae,Graphiurinae,Graphiurus,cf. microtis MOTU24,Male,,58.1,113,89.5,17,24,,,,,,,,,,,
KEN2018010536,Gliridae,Graphiurinae,Graphiurus,cf. microtis MOTU24,Female,,11.5,74,16,,16,,,,,,,,,,,
KEN2018010538,Gliridae,Graphiurinae,Graphiurus,cf. microtis MOTU24,Female,,28.6,85,57,17,17,,,,,,,,,,,
KEN2018010550,Gliridae,Graphiurinae,Graphiurus,cf. microtis MOTU24,Female,,64.6,109,100,17,23,,,,,,,,,,,
KEN2018010551,Gliridae,Graphiurinae,Graphiurus,cf. microtis MOTU24,Female,,57.5,125,99,18.5,25,,,,,,,,,,,
KEN2018010552,Gliridae,Graphiurinae,Graphiurus,cf. microtis MOTU24,Female,,15.2,67,67,15,19,,,,,,,,,,,
KEN2018010553,Gliridae,Graphiurinae,Graphiurus,cf. microtis MOTU24,Male,,64.9,125,103,18,24,,,,,,,,,,,
KEN2018010594,Gliridae,Graphiurinae,Graphiurus,cf. microtis MOTU24,,,19.8,89,77,,17,,,,,,,,,,,
KEN2018010606,Gliridae,Graphiurinae,Graphiurus,cf. microtis MOTU24,Female,,19,90,85,17.5,17,,,,,,,,,,,
KEN2018010625,Gliridae,Graphiurinae,Graphiurus,cf. microtis MOTU24,Female,,13.7,73,,15,16,,,,,,,,,,,
KEN2018010626,Gliridae,Graphiurinae,Graphiurus,cf. microtis MOTU24,Male,,21.1,91,67,17.5,17,,,,,,,,,,,
KEN2018010631,Gliridae,Graphiurinae,Graphiurus,cf. microtis MOTU24,Male,,26.4,94,,17.8,17,,,,,,,,,,,
KEN2018010689,Gliridae,Graphiurinae,Graphiurus,cf. microtis MOTU24,Female,,19.6,89,,16,16,,,,,,,,,,,
KEN2018010784,Gliridae,Graphiurinae,Graphiurus,cf. microtis MOTU24,Male,,15.5,85,53,15.5,17,,,,,,,,,,,
KEN2018080087,Gliridae,Graphiurinae,Graphiurus,cf. microtis MOTU24,Male,,23,91,44,16,16,,,,,,,,,,,
KEN2018080120,Gliridae,Graphiurinae,Graphiurus,cf. microtis MOTU24,Female,,16.1,83,83,16,17,,,,,,,,,,,
KEN2018080165,Gliridae,Graphiurinae,Graphiurus,cf. microtis MOTU24,Female,,20.8,91,81,17,16,,,,,,,,,,,
KEN2018080170,Gliridae,Graphiurinae,Graphiurus,cf. microtis MOTU24,Male,,16,85,85,16,18,,,,,,,,,,,
KEN2018080171,Gliridae,Graphiurinae,Graphiurus,cf. microtis MOTU24,Female,,16.5,85,80,15,17,,,,,,,,,,,
KEN2018080172,Gliridae,Graphiurinae,Graphiurus,cf. microtis MOTU24,Female,,21.6,92,78,16,17,,,,,,,,,,,
KEN2018080198,Gliridae,Graphiurinae,Graphiurus,cf. microtis MOTU24,Male,,22.1,88,80,15,18,,,,,,,,,,,
KEN2018080220,Gliridae,Graphiurinae,Graphiurus,cf. microtis MOTU24,Male,,22.7,94,68,17,17,,,,,,,,,,,
KEN2018080262,Gliridae,Graphiurinae,Graphiurus,cf. microtis MOTU24,Female,,19.4,84,72,16,16,,,,,,,,,,,
KEN2018080278,Gliridae,Graphiurinae,Graphiurus,cf. microtis MOTU24,Female,,16.1,81,78,15,17,,,,,,,,,,,
KEN2018080289,Gliridae,Graphiurinae,Graphiurus,cf. microtis MOTU24,,,18.9,89,80,16,17,,,,,,,,,,,
KEN2018080292,Gliridae,Graphiurinae,Graphiurus,cf. microtis MOTU24,Male,,23.1,97,82,17,17,,,,,,,,,,,
KEN2018080336,Gliridae,Graphiurinae,Graphiurus,cf. microtis MOTU24,Female,,17.5,83,63,,16,,,,,,,,,,,
KEN2018080341,Gliridae,Graphiurinae,Graphiurus,cf. microtis MOTU24,Female,,18.9,87,18,,16,,,,,,,,,,,
KEN2018080459,Gliridae,Graphiurinae,Graphiurus,cf. microtis MOTU24,Male,,13,76,75,15,17,,,,,,,,,,,
KEN2018081151,Gliridae,Graphiurinae,Graphiurus,cf. microtis MOTU24,Female,,18.8,88,81,15,16,,,,,,,,,,,
KEN2018081202,Gliridae,Graphiurinae,Graphiurus,cf. microtis MOTU24,Female,,19.3,87,76,14,16,,,,,,,,,,,
KEN2018081227,Gliridae,Graphiurinae,Graphiurus,cf. microtis MOTU24,Male,,18.7,91,80,15,17,,,,,,,,,,,
Lav3611,Gliridae,Graphiurinae,Graphiurus,cf. microtis MOTU24,,,,,,,,,,,,,,,,,,
TA663,Gliridae,Graphiurinae,Graphiurus,cf. microtis MOTU24,,,,,,,,,,,,,,,,,,
TA863,Gliridae,Graphiurinae,Graphiurus,cf. microtis MOTU24,,,,,,,,,,,,,,,,,,
TZ32912,Gliridae,Graphiurinae,Graphiurus,cf. microtis MOTU24,,,,,,,,,,,,,,,,,,
TZGG041,Gliridae,Graphiurinae,Graphiurus,cf. microtis MOTU24,,,,,,,,,,,,,,,,,,
TZSK039,Gliridae,Graphiurinae,Graphiurus,cf. microtis MOTU24,,,,,,,,,,,,,,,,,,
TZST012,Gliridae,Graphiurinae,Graphiurus,cf. microtis MOTU24,,,,,,,,,,,,,,,,,,
TZST013,Gliridae,Graphiurinae,Graphiurus,cf. microtis MOTU24,,,,,,,,,,,,,,,,,,
UGA0013,Gliridae,Graphiurinae,Graphiurus,cf. microtis MOTU24,,,,,,,,,,,,,,,,,,
UGA0028,Gliridae,Graphiurinae,Graphiurus,cf. microtis MOTU24,,,,,,,,,,,,,,,,,,
UGA0074,Gliridae,Graphiurinae,Graphiurus,cf. microtis MOTU24,,,,,,,,,,,,,,,,,,
UGA0099,Gliridae,Graphiurinae,Graphiurus,cf. microtis MOTU24,,,,,,,,,,,,,,,,,,
UGA0160,Gliridae,Graphiurinae,Graphiurus,cf. microtis MOTU24,,,,,,,,,,,,,,,,,,
UGA0176,Gliridae,Graphiurinae,Graphiurus,cf. microtis MOTU24,,,,,,,,,,,,,,,,,,
UGA0296,Gliridae,Graphiurinae,Graphiurus,cf. microtis MOTU24,,,,,,,,,,,,,,,,,,
UGA0324,Gliridae,Graphiurinae,Graphiurus,cf. microtis MOTU24,,,,,,,,,,,,,,,,,,
UGA0340,Gliridae,Graphiurinae,Graphiurus,cf. microtis MOTU24,,,,,,,,,,,,,,,,,,
UGA0365,Gliridae,Graphiurinae,Graphiurus,cf. microtis MOTU24,,,,,,,,,,,,,,,,,,
UGA0439,Gliridae,Graphiurinae,Graphiurus,cf. microtis MOTU24,,,,,,,,,,,,,,,,,,
UGA0443,Gliridae,Graphiurinae,Graphiurus,cf. microtis MOTU24,,,,,,,,,,,,,,,,,,
UGA0444,Gliridae,Graphiurinae,Graphiurus,cf. microtis MOTU24,,,,,,,,,,,,,,,,,,
AB218866,Gliridae,Glirinae,Glirulus,out G. japonicus,,,,,,,,,,,,,,,,,,
Dryomys,Gliridae,Leithiinae,Dryomys,out D. nitedula,,,,,,,,,,,,,,,,,,
IVB7961,Gliridae,Leithiinae,Muscardinus,out M. avellanarius,,,,,,,,,,,,,,,,,,
IVB8080,Gliridae,Glirinae,Glis,out G. glis,,,,,,,,,,,,,,,,,,
JQ241278,Gliridae,Glirinae,Glis,out G. glis,,,,,,,,,,,,,,,,,,
NC001892,Gliridae,Glirinae,Glis,out G. glis,,,,,,,,,,,,,,,,,,
NC002369,Scuridae,Sciurinae,Sciurus,out S. vulgaris,,,,,,,,,,,,,,,,,,
NC050264,Gliridae,Leithiinae,Muscardinus,out M. avellanarius,,,,,,,,,,,,,,,,,,
NC059783,Gliridae,Leithiinae,Eliomys,out E. quercinus,,,,,,,,,,,,,,,,,,
PP971634,Gliridae,Leithiinae,Myomimus,out M. roachi,,,,,,,,,,,,,,,,,,
PP971635,Gliridae,Leithiinae,Selevinia,out S. betpakdalaensis,,,,,,,,,,,,,,,,,,
PQ533836,Gliridae,Leithiinae,Dryomys,out D. laniger,,,,,,,,,,,,,,,,,,
PQ533841,Gliridae,Leithiinae,Dryomys,out D. nitedula,,,,,,,,,,,,,,,,,,
